Cohorte,Muestra,Score_Clasificador,Score_PulmonNormal,Score_Proliferacion,Es_Tumor
GSE118370,GSM3325818,7.261726219548603,-1.0888739102908602,1.476517667627997,True
GSE118370,GSM3325819,-2.0120884025773607,0.6822797147556827,-0.38971964961576483,False
GSE118370,GSM3325820,-3.730076266795806,0.7151077154515081,-0.6765665201192455,False
GSE118370,GSM3325821,1.7439522551471,-0.7131794421247922,-0.27746051997179433,True
GSE118370,GSM3325822,8.48356241698039,-0.5883748485883078,0.31760813003352206,True
GSE118370,GSM3325823,0.578929648662053,0.7018446258507187,-0.5815124207291917,False
GSE118370,GSM3325824,7.330659767959661,-0.6523953164831927,0.9778222204048627,True
GSE118370,GSM3325825,-0.5058287623707405,0.5159739656683597,-1.3032442968664573,False
GSE118370,GSM3325826,6.113624713749386,0.05159265936229746,0.6671680102799618,True
GSE118370,GSM3325827,0.06653731408108099,0.5851559113475812,-0.9438571009089991,False
GSE118370,GSM3325828,6.890956503021746,-0.5980702081474317,0.8516292523003269,True
GSE118370,GSM3325829,1.7351378373610287,0.38893913319843837,-0.11838477243521925,False
GSE18842,GSM466947,14.485591239584034,-1.0042451056731005,1.2640323717055937,True
GSE18842,GSM466948,-0.5393991058414773,0.7502745949330842,-0.9431126499829233,False
GSE18842,GSM466949,11.317893404716223,-1.0520143760440805,0.831972611144734,True
GSE18842,GSM466950,-1.7496990757580488,0.43105099821883847,-0.9113583985009346,False
GSE18842,GSM466951,3.4584406126549783,-0.3389907524769166,0.3689244669460057,True
GSE18842,GSM466952,12.400220765313156,-1.0955348904925193,0.9205235207129103,True
GSE18842,GSM466953,-3.9648353691652267,0.9184012825265742,-1.0628568731866515,False
GSE18842,GSM466954,6.30518391217459,-0.494235435841875,0.7477495424663279,True
GSE18842,GSM466955,1.306665452687818,0.21336775415318054,-0.6153017547613252,False
GSE18842,GSM466956,7.6130564420480145,-1.3412369791010323,1.108910074250343,True
GSE18842,GSM466957,-3.65736728347389,0.8917714644482344,-0.9203659119903833,False
GSE18842,GSM466958,10.756053495513937,-0.8973589937819985,1.291809716452712,True
GSE18842,GSM466959,-6.806018420594247,0.8340165811889904,-1.0580732929515966,False
GSE18842,GSM466960,8.231202709305357,-0.8553469818374455,0.8922276217102413,True
GSE18842,GSM466961,-4.241194070292906,0.9082614449212996,-1.0623897839694834,False
GSE18842,GSM466962,15.965156572904336,-0.8749343543161021,1.2722068874772074,True
GSE18842,GSM466963,7.952426505316103,0.047823608819278884,0.6230406596149115,True
GSE18842,GSM466964,-1.251760137359264,0.6472157434788496,-1.0286587622038665,False
GSE18842,GSM466965,9.127861690009484,-0.8220037861944997,0.744250929316241,True
GSE18842,GSM466966,-0.9609078404014308,0.6226702499132023,-0.9103977106722738,False
GSE18842,GSM466967,9.43578292800283,-0.5574946694748132,0.5343320638362995,True
GSE18842,GSM466968,-3.9046070676650557,1.0867549797438019,-0.8652428186506571,False
GSE18842,GSM466969,6.797299164280975,-0.374860416762704,0.43267753272569687,True
GSE18842,GSM466970,-2.955272440686182,0.7390008358920079,-1.167392705545776,False
GSE18842,GSM466971,11.159397791664519,-0.8809483148325301,1.299253129265373,True
GSE18842,GSM466972,-3.0849117251819425,1.0052363490219554,-0.6805166384001529,False
GSE18842,GSM466973,5.8373131609784625,-0.11549111858699458,1.076724976981216,True
GSE18842,GSM466974,-4.46567673878036,0.7333298330687427,-0.8879007932383202,False
GSE18842,GSM466975,12.947075354036258,-0.7943494294947251,0.8735795252123593,True
GSE18842,GSM466976,-1.5940970691960943,0.7441394967968754,-0.5513526434020137,False
GSE18842,GSM466977,14.2808716175722,-1.10029208101467,0.8157794457839854,True
GSE18842,GSM466978,-0.9702265485752473,0.5098563970446928,-0.9982012118109113,False
GSE18842,GSM466979,-4.904361222415568,0.828263789643487,-1.0968748553502476,False
GSE18842,GSM466980,3.926817915543765,0.31116226109467005,0.4727172940476162,True
GSE18842,GSM466981,-5.631461049859944,0.8874074282178488,-0.8448482471193758,False
GSE18842,GSM466982,10.615852147574067,-1.077025668734697,1.0013442075956598,True
GSE18842,GSM466983,8.645966676143575,-0.7605340874792845,1.1615892017172684,True
GSE18842,GSM466984,-5.904668108719896,0.763614356801165,-0.8559752375811485,False
GSE18842,GSM466985,7.327687678473117,-0.7831389492768804,0.8578905185984128,True
GSE18842,GSM466986,-2.761299899189907,0.6310719348349683,-0.6609321135026427,False
GSE18842,GSM466987,7.384796444625174,-0.6625070032482152,0.5577364215513384,True
GSE18842,GSM466988,-3.784502402733547,0.7953443856684381,-1.052958459580524,False
GSE18842,GSM466989,11.031503594375891,-0.5199482068049324,0.8696471495088577,True
GSE18842,GSM466990,-3.7387144436327584,0.9773893700920249,-1.0877149991678883,False
GSE18842,GSM466991,11.024689646872565,-0.7295200209859888,0.5944136327568978,True
GSE18842,GSM466992,-4.574975184577822,0.5406278253123561,-0.7938866992775206,False
GSE18842,GSM466993,11.148801582573574,-1.6933708993468908,0.5907822439885382,True
GSE18842,GSM466994,8.511409263108268,-0.4337969126711816,0.7596692987073665,True
GSE18842,GSM466995,-5.980358653014223,0.6997110351623971,-1.0082546610305274,False
GSE18842,GSM466996,5.574218384850026,-0.8657948144105235,0.8409109383804679,True
GSE18842,GSM466997,-5.823777783488872,0.9507759647696467,-0.9582537120880211,False
GSE18842,GSM466998,8.643769854697947,-1.3210308848818562,0.7240131395960451,True
GSE18842,GSM466999,-4.676219954290154,0.7299107391277454,-0.9081942501987463,False
GSE18842,GSM467000,-0.6666070187661557,0.5085145578029368,-0.773986269407245,False
GSE18842,GSM467001,0.31889922020070927,0.6203843778124702,-0.4096918043745753,False
GSE18842,GSM467002,-2.0813737187032824,0.49943736858964827,-0.6344611962673917,False
GSE18842,GSM467003,-7.3076978158494725,0.7318679825741232,-1.0022578772429527,False
GSE18842,GSM467004,5.338833080531007,-0.2804749918849774,0.6538104720303649,True
GSE18842,GSM467005,-5.48993809064865,0.6673087433828911,-0.8407536154551274,False
GSE18842,GSM467006,7.3114564912307,-1.282082034832529,1.0937759191147736,True
GSE18842,GSM467007,-4.255653867761783,0.8885570178373311,-0.8909748615845878,False
GSE18842,GSM467008,8.632501572950286,-0.8896005646106475,1.135566133210248,True
GSE18842,GSM467009,-3.7299537074585998,1.0639418085491998,-0.8824840988593611,False
GSE18842,GSM467010,10.389025068274734,-1.070999281808473,1.0354114926995206,True
GSE18842,GSM467011,-2.77250599914284,0.7840478332718744,-0.806209951598215,False
GSE18842,GSM467012,6.437770162026924,-0.6734534060755333,0.8503004057515877,True
GSE18842,GSM467013,-4.119782033306032,0.7556241622554509,-0.9868346650203123,False
GSE18842,GSM467014,11.444239218045645,-0.9715784050193927,0.5544430432192734,True
GSE18842,GSM467015,-5.324279809251497,0.9469603782203987,-0.8112573702085051,False
GSE18842,GSM467016,9.27629767889205,-1.4537410739389234,1.1132234550224622,True
GSE18842,GSM467017,-5.467256628678735,0.9723087860708086,-0.8661711707637142,False
GSE18842,GSM467018,9.827295939861509,-0.17183372939637193,1.1106488236729615,True
GSE18842,GSM467019,-7.112263965788099,0.9910718170394551,-0.9396082053261535,False
GSE18842,GSM467020,-1.7479251242063447,0.8724083956392628,-0.5251277487272338,False
GSE18842,GSM467021,6.2952267458267475,-0.21612042162004663,1.0306661890602768,True
GSE18842,GSM467022,-4.369845972301382,0.9257750914843217,-0.6703075613810497,False
GSE18842,GSM467023,7.85456856207718,-0.5075260496744317,0.5928777983576384,True
GSE18842,GSM467024,11.499970858864025,-0.6066068333598926,0.6748210932183888,True
GSE18842,GSM467025,-1.844050801195284,0.8352061968702674,-0.44257532664565985,False
GSE18842,GSM467026,8.326695244130322,-0.6615507067256066,0.8619055311151715,True
GSE18842,GSM467027,-5.6449877806924995,0.8760917791854479,-0.9565174660797815,False
GSE18842,GSM467028,10.454013989528097,-1.236036338851899,1.268823376837011,True
GSE18842,GSM467029,10.737550872031655,-1.169819616914284,1.0371832337353948,True
GSE18842,GSM467030,6.71185778236246,-0.538531496570263,0.04423569234534376,True
GSE18842,GSM467031,-4.076844202792891,0.8969544101747733,-1.0804033182703772,False
GSE18842,GSM467032,6.540426270705613,-0.33167692943940563,0.8857802596265442,True
GSE18842,GSM467033,-4.51149599072413,0.801240054318686,-0.8506430054277573,False
GSE18842,GSM467034,7.588124835905248,-0.5821563067445154,0.8338673619622707,True
GSE18842,GSM467035,-4.898327132919086,0.8844701012925618,-0.8041370724872721,False
GSE18842,GSM467036,11.041133289954049,-0.8549555341967526,0.27579239766959157,True
GSE18842,GSM467037,-0.2294606480894159,0.22412728816413047,-0.47642403140826756,False
GSE19188,GSM475656,8.969810621184399,-0.9916101482637534,0.682594010774807,True
GSE19188,GSM475657,-5.777264156632297,0.7304233254935343,-1.2093264773109695,False
GSE19188,GSM475658,-6.534040214705373,0.9242408284954929,-1.1444887769946979,False
GSE19188,GSM475659,-4.072668071506607,0.883529960336346,-1.1215278532204693,False
GSE19188,GSM475660,-6.75533794251205,0.9975397335418259,-1.1478032040970962,False
GSE19188,GSM475661,8.12369656383075,-0.9911900675188549,0.7552050419624121,True
GSE19188,GSM475662,9.160357922501019,-0.784138002436,1.0928757661002202,True
GSE19188,GSM475663,-5.995153344880441,0.9293452047708174,-0.9708259392216212,False
GSE19188,GSM475664,11.275775586108702,-0.825426183512877,0.6965007059130068,True
GSE19188,GSM475665,-5.280448697995469,1.3347994533231535,-1.0380573908119455,False
GSE19188,GSM475666,4.438186024841063,0.07294041627694316,-0.18549807338315535,False
GSE19188,GSM475667,-3.7094865353160817,0.5344921823593879,-1.190282643451677,False
GSE19188,GSM475668,11.212600452779446,-0.5191551468559785,1.2505871036088185,True
GSE19188,GSM475669,-4.6519635850226635,1.1093913394192474,-0.5293323747889571,False
GSE19188,GSM475670,7.694625432987618,-1.1497671264874976,0.7918605081146765,True
GSE19188,GSM475671,-6.1034488738441635,0.7084547910553132,-1.12783595010401,False
GSE19188,GSM475672,6.926995880231351,-0.5419686278107183,1.1543465429718835,True
GSE19188,GSM475673,-7.683580680964559,1.1482847981709208,-1.1864980011378363,False
GSE19188,GSM475674,11.343950918004587,-0.9193808144348018,1.038496060614454,True
GSE19188,GSM475675,-8.879839971240697,0.7318628419820032,-1.0727564760658477,False
GSE19188,GSM475676,6.628004790520467,-0.9916354720415796,0.9630389147367527,True
GSE19188,GSM475677,-2.0973643854326176,0.4268837348062617,-1.0345380584697481,True
GSE19188,GSM475678,-1.9200386899114492,0.7346767078293537,-0.8400846595276705,False
GSE19188,GSM475679,6.022096249347119,-0.4551374471797102,0.6703883326253026,True
GSE19188,GSM475680,-5.133091348963669,0.8886569790648063,-0.9955559867420243,False
GSE19188,GSM475681,5.491952855285328,-0.29698155676991544,0.5306541524718722,True
GSE19188,GSM475682,-5.304151094695415,1.0970816650410724,-0.9451280093301454,False
GSE19188,GSM475683,7.455595712738496,-0.274439104852076,0.8020058351943536,True
GSE19188,GSM475684,-4.385276590368141,1.0451390876508928,-0.7617555612086052,False
GSE19188,GSM475685,5.038620002847514,-0.06749229956272226,0.4630017036763531,True
GSE19188,GSM475686,-5.817095002978981,1.0296011578126312,-1.1268227656160001,False
GSE19188,GSM475687,8.351191835428793,-0.561333787031985,-0.25196882870094955,True
GSE19188,GSM475688,-5.239532875870211,0.8651198325675094,-0.9942382533254932,False
GSE19188,GSM475689,6.452434867670101,-1.2009108425530797,0.10191386087730772,True
GSE19188,GSM475690,-6.526017309574389,0.9332565249120695,-1.134696583500392,False
GSE19188,GSM475691,6.408240402944418,-0.6265142248198032,0.8651576612144286,True
GSE19188,GSM475692,6.952016202002186,-1.2456129435955412,0.6447149983316234,True
GSE19188,GSM475693,-5.06910253755677,1.1136958777054529,-1.0895305262925636,False
GSE19188,GSM475694,10.12652027788349,-0.8731087799593145,0.5959677896465934,True
GSE19188,GSM475695,-5.3031049187256425,0.9420238574792409,-1.13208512184762,False
GSE19188,GSM475696,6.800729545620426,-0.37936300181952665,0.1852971129828817,True
GSE19188,GSM475697,-4.6817728503569445,1.3746042173546968,-0.9943991694225938,False
GSE19188,GSM475698,9.0640956893689,-0.26575716458547755,1.099335058607863,True
GSE19188,GSM475699,-0.9071666018477904,0.9863871912009393,-0.6689947455252393,False
GSE19188,GSM475700,8.998657430550464,-0.35866355454172383,0.4758909789107301,True
GSE19188,GSM475701,9.688254972211881,-0.8682246251074943,1.1235998134696885,True
GSE19188,GSM475702,-4.131556964915104,1.060080854982961,-1.309040425998384,False
GSE19188,GSM475703,7.169490432533667,-0.6550142219101143,0.6460086892764603,True
GSE19188,GSM475704,-4.093313484590444,0.5524588035100453,-0.873282404482284,False
GSE19188,GSM475705,-6.357561634244499,1.083250951123146,-1.28131153788553,False
GSE19188,GSM475706,-7.779166652700198,1.0620709398598756,-1.1129842132707983,True
GSE19188,GSM475707,-6.355323733389007,0.9090907827322126,-1.0368866494930729,False
GSE19188,GSM475708,7.220476854700312,-0.2366457023059355,0.6677535693000463,True
GSE19188,GSM475709,6.125047333871104,-0.7173026857642493,0.7302264411502413,True
GSE19188,GSM475710,10.38900020715171,-0.3981943445773083,0.9929568267240978,True
GSE19188,GSM475711,-1.7998960229818377,0.8829758124471468,-1.001733565559499,False
GSE19188,GSM475712,8.907044035757954,-0.45748073435587816,0.8532409264219185,True
GSE19188,GSM475713,8.427485156901637,-0.6698984181624072,0.7652678199858584,True
GSE19188,GSM475714,-4.081634572699562,1.2202108615475473,-1.1707933368178116,False
GSE19188,GSM475715,6.192190195721963,-0.9501165512436884,0.9566582033027347,True
GSE19188,GSM475716,-3.371325840160328,0.5854258993558102,-1.0638965759378753,False
GSE19188,GSM475717,7.106717506931178,-0.8629475796865846,0.8794846709754834,True
GSE19188,GSM475718,-1.7210693029225674,0.45643944718058926,-0.928437660675173,False
GSE19188,GSM475719,11.545510404452758,-0.884486719484219,1.089239935988163,True
GSE19188,GSM475720,9.155352860283315,-0.7379748561531851,0.585509846939052,True
GSE19188,GSM475721,-3.604598715297827,0.689567704886906,-1.2033068241772993,False
GSE19188,GSM475722,6.72360809987838,-0.32210363867208414,1.0640561290036106,True
GSE19188,GSM475723,-5.322119191782312,0.9197870907696729,-1.1442720030301339,False
GSE19188,GSM475724,5.806249073927614,-1.0833381619862381,0.9526874063676282,True
GSE19188,GSM475725,-2.841229127368528,1.1723249101040827,-0.8386807533910181,False
GSE19188,GSM475726,-6.32730246847567,0.9626812989787291,-1.1445326022666389,False
GSE19188,GSM475727,7.91069038546291,-1.223622903718104,0.6610071078718026,True
GSE19188,GSM475728,10.154688273363215,-1.2247231461068098,0.5280002338252334,True
GSE19188,GSM475729,-3.187349777409198,0.8553157628523924,-0.724050379899434,False
GSE19188,GSM475730,10.370959777331011,-1.03344880064295,0.571792509056539,True
GSE19188,GSM475731,9.397575154297291,-0.3562533976017476,0.7098178394669337,True
GSE19188,GSM475732,-6.468241781847288,1.141572233102648,-1.0690409313110778,False
GSE19188,GSM475733,11.068151321018206,-0.8800572311021743,0.8824700737108007,True
GSE19188,GSM475734,-6.88045490777303,0.9995117966702531,-1.0737128515644792,False
GSE19188,GSM475735,10.023629615204685,-0.8414941280491329,0.7528454974894166,True
GSE19188,GSM475736,-7.286778897508592,1.0655790932814404,-1.1778606451600977,False
GSE19188,GSM475737,11.599669792579073,-0.7013616821050461,0.764282698082239,True
GSE19188,GSM475738,-3.2542499842747454,0.9098351811423788,-1.0114835874209096,False
GSE19188,GSM475739,8.532493109382989,-0.7324393219755039,0.6627650827483703,True
GSE19188,GSM475740,-6.852344119884334,1.0280034851815945,-0.9464866120723932,False
GSE19188,GSM475741,6.487318795724628,-1.1132288915276216,0.7815153630822903,True
GSE19188,GSM475742,-6.570831820073019,1.1225829382716017,-1.202264672047842,False
GSE19188,GSM475743,-4.3985961294626215,0.995893816966609,-0.9425575540347726,False
GSE19188,GSM475744,10.80062458554215,-0.5912868483260371,0.3922643487199604,True
GSE19188,GSM475745,-6.52774530890119,0.9861017845911115,-1.0073236574338669,False
GSE19188,GSM475746,-1.7131242044982522,0.9461872701141549,-0.9943709625897634,False
GSE19188,GSM475747,8.922992792839246,-0.5961113950904606,1.1879856522222898,True
GSE19188,GSM475748,12.931165230491878,-1.0591194466189515,0.7741095099255538,True
GSE19188,GSM475749,-4.723302284639912,0.9149635947131753,-0.9989062593254359,False
GSE19188,GSM475750,-2.02658927214152,1.1309518166934924,-0.9933278761844125,False
GSE19188,GSM475751,9.521153491233706,-0.6135807964845248,0.9782412481713688,True
GSE19188,GSM475752,-1.6238810291861552,0.3577814626124509,-0.24768470198695391,False
GSE19188,GSM475753,11.26545983771569,-0.6909479101671457,1.2711245912309583,True
GSE19188,GSM475754,-5.960509364934579,1.0069526160952955,-1.1469786715243002,False
GSE19188,GSM475755,-0.22174415710089557,0.7423053655446645,0.1796573660319613,False
GSE19188,GSM475756,8.720684107989225,-0.6023147391236355,0.81375731223113,True
GSE19188,GSM475757,-3.3174654739278187,0.9632236176506043,-0.6676323955784527,False
GSE19188,GSM475758,12.284672050645694,-1.1252004816836079,0.9958592911451793,True
GSE19188,GSM475759,5.731837482914143,-0.6511693318780211,1.1445355857759616,True
GSE19188,GSM475760,10.311488722644144,-0.7491093689720368,0.9194369396376031,True
GSE19188,GSM475761,8.838573005661381,-0.7276050190956096,0.781986798782173,True
GSE19188,GSM475762,8.443780640405608,-0.952950221371873,1.3358425273250139,True
GSE19188,GSM475763,10.902919049165238,-1.1075870180698908,0.7492050084428716,True
GSE19188,GSM475764,-4.178114041738279,0.8845537647296883,-1.0067842706721906,False
GSE19188,GSM475765,11.055101569034072,-1.2984318087268967,0.8195697325970672,True
GSE19188,GSM475766,-1.193997025450138,0.5401358121171183,-0.20281750922685288,False
GSE19188,GSM475767,-5.508289101045799,0.9168350020477569,-1.1468536852248818,False
GSE19188,GSM475768,7.076348216233358,-0.22601647403845357,1.0957747728015275,True
GSE19188,GSM475769,6.3769667594175505,-0.21632670660440595,-0.11255985735404091,True
GSE19188,GSM475770,6.635346934529574,-0.6064551535055683,0.045430604060259366,True
GSE19188,GSM475771,-4.706884712202179,1.1265551202075057,-1.0088162172460327,False
GSE19188,GSM475772,6.882680834571115,-0.15632251906397882,1.064231256864728,True
GSE19188,GSM475773,7.929856966171133,-0.45041515178071795,0.738218978057753,True
GSE19188,GSM475774,10.025715558304357,-1.0865160323144034,0.8056219403983487,True
GSE19188,GSM475775,-4.539589024827064,0.9978487215440494,-1.123776360259923,False
GSE19188,GSM475776,3.5073961723675917,-0.8420963638775896,-0.3527546947039059,True
GSE19188,GSM475777,11.172174014743867,-1.0771854553804907,0.5448958783554573,True
GSE19188,GSM475778,8.095593135683636,-0.017100604613013444,0.47255953671951473,True
GSE19188,GSM475779,6.470614274266621,-0.004714344349333599,0.16062869395208693,True
GSE19188,GSM475780,-5.750225683888987,1.3788298535719365,-1.0243665119371503,True
GSE19188,GSM475781,-0.7951716146658301,-0.045485030238115204,-0.4058632124270824,False
GSE19188,GSM475782,11.475812363786545,-0.5151909697574036,1.2266147938781078,True
GSE19188,GSM475783,-3.9441302748008877,0.9827588309617844,-0.8373057455414828,False
GSE19188,GSM475784,5.650285956465816,-0.2439400259085201,0.5959440247418293,True
GSE19188,GSM475785,3.2177280923728566,-0.9052125193845613,-0.2964144440170709,True
GSE19188,GSM475786,-0.911235267061814,0.801632042915201,-0.4885215140287567,False
GSE19188,GSM475787,9.014569166646675,-1.1841754103950901,0.927507776497694,True
GSE19188,GSM475788,3.6074178523516816,0.2205686748615271,0.21045262850558077,True
GSE19188,GSM475789,8.901633534028822,-0.18097711723975263,0.8806074346296571,True
GSE19188,GSM475790,-5.746453599908412,1.1985134496748868,-1.0273396198852305,False
GSE19188,GSM475791,7.270493858265338,-0.9597605260491378,0.7084243846167548,True
GSE19188,GSM475792,7.502248679720491,-1.2913060344362393,0.7417803505752646,True
GSE19188,GSM475793,9.098146939233642,-0.9122970160909036,0.9116596501709864,True
GSE19188,GSM475794,8.727563497256334,-0.24956090166637962,0.7914621555516592,True
GSE19188,GSM475795,5.8714984848366765,0.12467505143806538,-0.0972890638787209,True
GSE19188,GSM475796,8.749304478386513,0.24996366529236352,0.6354998714273149,True
GSE19188,GSM475797,5.7683900706567535,-0.3345001124973379,0.7414137217318042,True
GSE19188,GSM475798,-3.557212531231587,0.9601449771938605,-1.1117386286005926,False
GSE19188,GSM475799,7.298874710587693,-0.6088589351500366,0.06001366830516284,True
GSE19188,GSM475800,-7.7801383768350725,1.0282565220593676,-0.8769755790589506,False
GSE19188,GSM475801,8.747308967915687,-0.9716905218608947,1.3605114913997596,True
GSE19188,GSM475802,9.306609796153268,-0.8343869131428743,0.301293156232466,True
GSE19188,GSM475803,6.067981654711891,-0.6110332613519188,0.9609459882904687,True
GSE19188,GSM475804,11.49569615329637,-0.8902595781041008,1.0359117730659042,True
GSE19188,GSM475805,3.786352359837709,-1.2120071401539092,0.5351325897682372,True
GSE19188,GSM475806,11.99323984662505,-0.8518511304178938,1.0669080786224279,True
GSE19188,GSM475807,-1.5396765967094166,0.4313876520708564,-0.3868595515104283,False
GSE19188,GSM475808,9.067982971013615,-1.1472372943173523,0.7755548651265421,True
GSE19188,GSM475809,-5.9466678321166455,0.8447332268062001,-0.9046047096776277,False
GSE19188,GSM475810,9.815357377823535,-0.7217681409644784,0.699646564892666,True
GSE19188,GSM475811,-0.985712703514456,0.43705454003028515,-0.3007284485860443,False
GSE19804,GSM494556,9.209012461678016,-0.8139362715324898,-0.3665059531054098,True
GSE19804,GSM494557,5.114480750279205,-0.3856172282197905,0.22004215753315165,True
GSE19804,GSM494558,5.386580285214965,-0.2077489779020668,0.7708123841952461,True
GSE19804,GSM494559,6.02374121455753,-0.7005866207444532,-0.13663860354686913,True
GSE19804,GSM494560,8.918511769043977,-0.7111519155386364,1.3554080212960635,True
GSE19804,GSM494561,2.6138006697907423,0.01093430309424844,-0.21413120821369835,True
GSE19804,GSM494562,11.996648006314855,-1.1477430746139312,1.740602798236824,True
GSE19804,GSM494563,16.252999672556086,-1.8206214936182876,1.8840719531931207,True
GSE19804,GSM494564,8.48074017176343,-0.5159968671523113,0.7298472520460428,True
GSE19804,GSM494565,7.02525528096752,-1.01020950232036,1.167441770835871,True
GSE19804,GSM494566,7.239121793822177,-0.5021402856620519,0.5389173248865318,True
GSE19804,GSM494567,4.219889452845214,0.032991378047850003,0.06598004117110187,True
GSE19804,GSM494568,1.9508160463854465,0.20492063669792357,0.6602128522152613,True
GSE19804,GSM494569,2.262895598613139,0.6283669857423396,-0.6578434698094678,True
GSE19804,GSM494570,3.098099749214313,-0.1655286430917467,0.8216832650633215,True
GSE19804,GSM494571,3.6589444130734368,-0.036478958255589486,0.4042322159781088,True
GSE19804,GSM494572,8.562989994049685,-0.659489387887246,-0.02407877950387694,True
GSE19804,GSM494573,8.748613745639862,-0.9948368782915151,1.8345384460285281,True
GSE19804,GSM494574,13.52377522535806,-1.2711885936735996,1.4941688804233375,True
GSE19804,GSM494575,10.189310678278245,-0.8803762976185119,0.43000965068598873,True
GSE19804,GSM494576,12.253418854662337,-1.1261739891035039,1.6873911134655653,True
GSE19804,GSM494577,10.339301738872978,-1.4138269343968481,1.8712686952760258,True
GSE19804,GSM494578,5.602467433714111,-0.156059030486865,-0.261096298452321,True
GSE19804,GSM494579,7.013813252204547,-0.8711441404017781,1.4702459830795285,True
GSE19804,GSM494580,6.118529743263169,-0.22718197421493247,0.4848592127456133,True
GSE19804,GSM494581,7.00650517813742,-0.405499250562358,0.3065173698639968,True
GSE19804,GSM494582,13.38347597502344,-1.8910652269405024,0.9589236165692159,True
GSE19804,GSM494583,9.63465613295678,-0.9987067135257236,1.3453857905463982,True
GSE19804,GSM494584,7.751383603527319,-0.32427931859059056,0.8643728168054917,True
GSE19804,GSM494585,11.506773570834254,-0.7824137516040176,0.48223308774049506,True
GSE19804,GSM494586,13.200905762186457,-1.8438770474616923,1.5800606100762438,True
GSE19804,GSM494587,6.223446075454378,-0.8776119461577836,0.7743113154469252,True
GSE19804,GSM494588,4.765193394865565,-0.5089150543296126,0.4807804243191782,True
GSE19804,GSM494589,5.411471318724509,-0.579740770129963,1.2456182294356402,True
GSE19804,GSM494590,4.462519096895219,-0.8743315879145919,0.807380078758765,True
GSE19804,GSM494591,9.653715499494458,-1.471814641610492,1.0499864566026251,True
GSE19804,GSM494592,7.779221920714722,-0.24241597734762235,0.12098120929198634,True
GSE19804,GSM494593,7.8494747355792995,-0.49558453214936876,0.7724820022881476,True
GSE19804,GSM494594,1.9285633956077657,-0.10321544757182848,-0.041065236970546884,True
GSE19804,GSM494595,10.069577422527438,-0.9615801284635368,1.589627925807553,True
GSE19804,GSM494596,6.733046584658505,-1.347396414271228,1.6265535547797996,True
GSE19804,GSM494597,5.043480754677482,-0.9593447112482243,1.8877612580069933,True
GSE19804,GSM494598,11.396954163843953,-1.2473505620783119,1.1463125277780821,True
GSE19804,GSM494599,8.14648746587509,-0.6226008755774508,0.32298163684033143,True
GSE19804,GSM494600,6.16648950200769,-1.0872464996178732,1.2646038289073425,True
GSE19804,GSM494601,7.504410150052465,-0.49951953980018104,0.37941814904233045,True
GSE19804,GSM494602,9.8940831524394,-0.6086625142087475,0.5022264238410328,True
GSE19804,GSM494603,4.191987085224822,0.25602042477033116,1.151470379825903,True
GSE19804,GSM494604,5.3558775278841875,0.10896426561047894,0.6644524996036919,True
GSE19804,GSM494605,-0.7186721677074148,0.5435755646365671,-0.30697246948786366,True
GSE19804,GSM494606,6.419197738437028,0.006373101193164631,-0.3254467404606218,True
GSE19804,GSM494607,8.29706648795683,-0.22694517365650255,0.27604757506122785,True
GSE19804,GSM494608,5.079091467380335,-0.3745183940531163,-0.32664736226347996,True
GSE19804,GSM494609,6.981650611543046,-0.34112631184046616,0.015350121429993946,True
GSE19804,GSM494610,10.133998558971568,-1.1613319302758311,1.1100759961919182,True
GSE19804,GSM494611,9.979298847698546,-0.6928113776908816,0.8253981612201929,True
GSE19804,GSM494612,8.90038871004846,-0.7340590898078059,-0.38317826878552486,True
GSE19804,GSM494613,4.683556806262836,-0.5791520604380607,-0.41894957161693325,True
GSE19804,GSM494614,12.666493329725407,-1.060258173031433,0.9266976570983024,True
GSE19804,GSM494615,5.5188657348466545,-0.37174150892055247,0.17451614930167753,True
GSE19804,GSM494616,-0.5979791358959021,0.8960783615386975,-1.0411547394946765,False
GSE19804,GSM494617,-1.0872388655318903,0.961440296892298,-0.7933093647559903,False
GSE19804,GSM494618,-3.2243517236906354,0.8584285427465695,-0.9665026349231173,False
GSE19804,GSM494619,-6.34165438658137,0.3393410383443898,-0.9371029386315177,False
GSE19804,GSM494620,-3.7997556287466607,0.7300837182971833,-0.7955574110346958,False
GSE19804,GSM494621,-1.8820951654522218,0.6055422009718341,-0.8401423493005907,False
GSE19804,GSM494622,0.6855789962431342,0.6120898758083808,-0.27957366903915337,False
GSE19804,GSM494623,-4.46092229202087,0.33421544117724117,-0.7588905458517629,False
GSE19804,GSM494624,-4.767868855130484,0.5953989610112361,-0.6431053145795659,False
GSE19804,GSM494625,-4.699447935458053,0.4691730669445453,-0.8079112692135382,False
GSE19804,GSM494626,-0.6060538929155008,0.8682662790293815,-0.8021337203166011,False
GSE19804,GSM494627,-4.646153614566973,0.6991479435356442,-0.6754446043758878,False
GSE19804,GSM494628,-1.1760459538226118,0.7293938299553311,-0.6312842483092344,False
GSE19804,GSM494629,-3.3168691945983944,0.6346888094530402,-0.8290663136846211,False
GSE19804,GSM494630,-2.565223670583515,0.7407429513583434,-0.7740843939407022,False
GSE19804,GSM494631,2.425031969046957,0.2986104600616959,0.34077683152611815,False
GSE19804,GSM494632,-1.2139606231549576,0.7932662785226187,-0.6881043216255841,False
GSE19804,GSM494633,-3.0021690117170885,0.42132442515936314,-0.6507585398079887,False
GSE19804,GSM494634,1.0190307993130552,0.769258675810111,-0.8433626321433542,False
GSE19804,GSM494635,-0.885176778951164,0.7948412552908979,-0.5992410737153612,False
GSE19804,GSM494636,-2.3927039249379045,0.8199476228055504,-0.8777699304490231,False
GSE19804,GSM494637,-1.2661109962457293,0.6980155606779265,-0.7112935818129997,False
GSE19804,GSM494638,-0.5097846374252648,0.6440329367232819,-0.47200866186801954,False
GSE19804,GSM494639,-1.5956607784112395,0.7656246271299962,-0.9241732887784279,False
GSE19804,GSM494640,-2.2633968922218934,0.5743038750969744,-0.6926832411749881,False
GSE19804,GSM494641,-0.5980453490525894,0.7723847523226718,-0.8553614409949187,False
GSE19804,GSM494642,0.08796989047097092,0.9878019747675785,-0.9033393052519333,False
GSE19804,GSM494643,-2.3098153919189666,0.6446731598492437,-0.9232267179508813,False
GSE19804,GSM494644,-3.7634078645421343,0.7767164027080876,-0.7013769675566819,False
GSE19804,GSM494645,-2.0643800681989997,0.8257516955209946,-0.958544278826186,False
GSE19804,GSM494646,-0.4696395334612702,0.7733904585210478,-0.5132880320973949,False
GSE19804,GSM494647,-0.614536082619177,0.9272194344556782,-0.7843823033363413,False
GSE19804,GSM494648,-3.354392824547259,0.5043191706836946,-0.7414967327264501,False
GSE19804,GSM494649,-4.6581231728625205,0.7252775509142154,-0.9578132810726159,False
GSE19804,GSM494650,-3.8578847552415367,0.6588329156670479,-0.7734192445843562,False
GSE19804,GSM494651,-0.7999294771720509,0.9888800449967913,-0.9901580805620285,False
GSE19804,GSM494652,1.4993065726758967,0.8199311285017818,-0.7939424701406887,False
GSE19804,GSM494653,-1.0678483780545798,0.8850412505084541,-0.7670356555890356,False
GSE19804,GSM494654,-3.3159452436650647,0.31602353070293404,-0.5572389066764846,False
GSE19804,GSM494655,-1.3358428234990902,0.8034470925405743,-0.7615177708733866,False
GSE19804,GSM494656,-1.1374387871658302,0.255352633790807,-0.42341531961490225,False
GSE19804,GSM494657,4.832559097891644,-0.7420434646452247,-0.3559811384737453,False
GSE19804,GSM494658,-2.3744154511983537,0.4166841011670678,0.0073649274023095904,False
GSE19804,GSM494659,0.23781229420010552,0.9131801959006925,-0.6819239938385332,False
GSE19804,GSM494660,-4.902186330028208,0.7884652288776018,-0.8728090601689467,False
GSE19804,GSM494661,0.6065006170394258,0.8098405731376541,-0.8327456476888999,False
GSE19804,GSM494662,-0.7717146758779236,0.7531732750752104,-0.2423842776333421,False
GSE19804,GSM494663,-3.828862444658515,0.6369719865989053,-0.4964889962209062,False
GSE19804,GSM494664,-2.534237090699676,0.7914600452454961,-0.7071760214864284,False
GSE19804,GSM494665,0.6694083537872393,0.46418807995969363,-0.1819621192545335,False
GSE19804,GSM494666,-0.615759313714956,0.7251022674164085,-0.8857530151974633,False
GSE19804,GSM494667,0.8927140578905584,0.8653228566660949,-0.8829936326647985,False
GSE19804,GSM494668,-0.8076390437584959,0.4339377616780612,-0.5541235493657168,False
GSE19804,GSM494669,1.6638001400614937,0.7373721363100825,-0.6469281512741563,False
GSE19804,GSM494670,-1.9197471135373685,0.5787179133671017,-0.4919690528920994,False
GSE19804,GSM494671,0.10587623163617055,0.6357269362986455,-0.5935408672943843,False
GSE19804,GSM494672,1.8848412454088193,0.6762984338849019,-0.7122202022628412,False
GSE19804,GSM494673,-0.58370376057723,0.8974843290345628,-0.8309698936456558,False
GSE19804,GSM494674,-1.218543725876947,0.964604768671003,-0.890126017205201,False
GSE19804,GSM494675,2.821824903459581,-1.563780719628119,0.13046226570080338,False
GSE23066,GSM568879,2.3220985077645317,0.47038908847581357,0.31741465032101973,False
GSE23066,GSM568880,3.7886482843309075,0.13917653647590952,0.46342398947231195,True
GSE23066,GSM568881,3.4225757139609274,-0.376361448338847,-0.3071410577778867,False
GSE23066,GSM568882,3.8334680143953785,0.04572372363542309,0.46404976480948823,True
GSE23066,GSM568883,1.874814201743055,-0.030812736096101016,0.027361058371501303,False
GSE23066,GSM568884,-0.8960649691709324,0.13450279427312684,-0.48276693988174274,True
GSE23066,GSM568885,4.149529200368183,0.0711369700504907,-0.05195041051856351,False
GSE23066,GSM568886,3.6488234401569106,-0.34833125613946686,0.28447055870223825,True
GSE23066,GSM568887,3.7248426104375945,-0.05914767855057709,-0.6043883377108621,False
GSE23066,GSM568888,2.552542544370043,-0.046275993785784716,-0.1104732757875034,True
GSE31210,GSM773540,2.6843096209773356,-0.8868636706756523,0.2923346188160979,True
GSE31210,GSM773541,3.4353233257749234,-0.06940752443825977,0.8248854428727561,True
GSE31210,GSM773542,3.8039004728333055,-0.7040400918284796,0.346621362843248,True
GSE31210,GSM773543,3.942196196825189,-0.1673578925454818,-0.22730675065763606,True
GSE31210,GSM773544,3.562795243326991,-0.4801784856521929,-0.026269394156823927,True
GSE31210,GSM773545,-0.4712936433712933,0.6580089560518232,-0.13385475954786888,True
GSE31210,GSM773546,6.814119825243775,-0.9757965373270091,0.8786410269156933,True
GSE31210,GSM773547,-1.992542390714859,0.5758800470442766,-0.04483227979611637,True
GSE31210,GSM773548,3.228811137501334,-0.08542758408417778,0.3476188124420042,True
GSE31210,GSM773549,0.13364923331875167,0.33629322646637977,-0.23285251340539942,True
GSE31210,GSM773550,2.5621841420612115,-0.6318075885646672,0.19805218393878166,True
GSE31210,GSM773551,-2.836834154988115,0.04639692665352938,-0.16037367206454414,True
GSE31210,GSM773552,6.676793516219588,-0.9834669907038107,1.507331540526079,True
GSE31210,GSM773553,1.5892542893875037,-0.25888006807679953,-0.3155637899646543,True
GSE31210,GSM773554,3.3407576479396472,-0.09507848521047674,-0.5720394138932137,True
GSE31210,GSM773555,4.07310391238837,-0.9663721591264431,1.1562573915127143,True
GSE31210,GSM773556,4.674309218169456,-1.122282016856846,0.6171198869518484,True
GSE31210,GSM773557,3.295541558539867,-0.16441612487365478,0.79221862037598,True
GSE31210,GSM773558,4.973415902281056,-0.925407098512959,1.1075357542104949,True
GSE31210,GSM773559,3.433610736781013,-1.0296277414237105,1.0259521838384589,True
GSE31210,GSM773560,3.160975733904,-0.22548972275340123,1.185666400578452,True
GSE31210,GSM773561,-1.9942293248410992,0.24671571924603258,-0.3717584451538266,True
GSE31210,GSM773562,-1.4796576577274734,0.1451092623529607,1.2831971307662542,True
GSE31210,GSM773563,3.3535149609925514,-0.36486868308507125,1.3355136923285773,True
GSE31210,GSM773564,-1.0671187680079073,0.18688454837794394,-0.4075466977585712,True
GSE31210,GSM773565,2.700815794500738,-0.881031833756961,1.2262349201382474,True
GSE31210,GSM773566,0.9237817699928155,0.17531912875683947,0.48576271842583285,True
GSE31210,GSM773567,-4.725171586946883,0.5377239788556509,-0.43969492401416427,True
GSE31210,GSM773568,2.469952201434504,-0.1805540615409647,0.9956700035674638,True
GSE31210,GSM773569,-1.7468716585346566,0.192100696368718,-0.8368742666744078,True
GSE31210,GSM773570,-0.6372159850212326,0.08545859121097192,-0.07198060127931288,True
GSE31210,GSM773571,4.317268187365185,-0.5614475915836618,0.530153534363497,True
GSE31210,GSM773572,1.1930376086946373,0.10031361502266616,1.1048732460767476,True
GSE31210,GSM773573,3.067598112229457,-1.609661097953285,0.8526695922999046,True
GSE31210,GSM773574,3.3069689653751855,-0.5355524351562904,1.1725590674079267,True
GSE31210,GSM773575,2.807393239131015,-0.4963409701496649,0.6081952203675451,True
GSE31210,GSM773576,-1.9855351294521322,0.3982787646342605,-0.22475727445876661,True
GSE31210,GSM773577,-0.5601587551174496,0.3347944056793426,0.10859338918708498,True
GSE31210,GSM773578,3.5143597436111214,0.16982248665790875,0.6462617329005669,True
GSE31210,GSM773579,0.35156630418399953,0.32894048173015616,0.6531708085592689,True
GSE31210,GSM773580,-0.9238423878482734,0.3886537643253727,0.31525197977760455,True
GSE31210,GSM773581,5.384447655394723,-1.2004686034217233,1.3106114533165412,True
GSE31210,GSM773582,4.183714600578617,-1.0281319781020073,1.296409898855868,True
GSE31210,GSM773583,-1.4608841003507869,0.0670698655338408,0.5608759385231534,True
GSE31210,GSM773584,1.934152792382064,-0.3552195324655847,0.8049634465558674,True
GSE31210,GSM773585,1.7561392699420248,0.07187228899068043,1.0467831019053349,True
GSE31210,GSM773586,6.8499407156940375,-1.116904622992515,1.494429394005949,True
GSE31210,GSM773587,2.048896857658144,-0.18504034438042152,0.6004451972495124,True
GSE31210,GSM773588,-4.625335936074122,0.43520513436174785,0.07254128142139826,True
GSE31210,GSM773589,2.718238115125846,-0.17328657603816297,0.7197058988474608,True
GSE31210,GSM773590,2.8246430114998926,-0.6137305668038484,0.7248825433437768,True
GSE31210,GSM773591,2.4427256325085756,-0.09537095777753368,1.3353752904135443,True
GSE31210,GSM773592,6.689525478600049,-0.96946678115808,0.9849772878389039,True
GSE31210,GSM773593,1.6683291259617499,-0.1969431083188287,0.8831483122114857,True
GSE31210,GSM773594,-1.5876006471326058,0.3215148764982618,-0.7777780464759886,True
GSE31210,GSM773595,1.5533080647234443,-0.07284750814072978,-0.15115710693854126,True
GSE31210,GSM773596,-0.6870172976842714,0.24686702059329907,-0.5713720434589004,True
GSE31210,GSM773597,3.3852514678758654,-0.024469993195383594,0.08323763432484162,True
GSE31210,GSM773598,4.145529343739494,-1.0749781061042913,-0.022532978238619782,True
GSE31210,GSM773599,4.237446035617368,-0.5911781322269369,1.065636250881343,True
GSE31210,GSM773600,3.662187899352518,-1.4249465205462013,1.3025772792665642,True
GSE31210,GSM773601,4.727418483645924,-2.1879182490869886,0.9772000373109153,True
GSE31210,GSM773602,-5.972755775156094,1.1383695142558312,-1.162521413495957,True
GSE31210,GSM773603,6.237978408290329,-0.9137040120042162,1.376823745843814,True
GSE31210,GSM773604,2.6193590965543496,-1.1516414877860335,0.7540361416203294,True
GSE31210,GSM773605,-5.085134329757296,0.6304387264080621,0.15589368127276393,True
GSE31210,GSM773606,-9.271852924515692,1.3819641253521282,-1.7620620153051127,True
GSE31210,GSM773607,-7.660725266176352,0.9999284694663595,-1.257679912138847,True
GSE31210,GSM773608,-2.6612079910832644,0.6072108928646052,-0.7196436807937903,True
GSE31210,GSM773609,-2.917770867476171,0.4286837033332904,-0.5242505342574665,True
GSE31210,GSM773610,0.7406595109466655,0.4802611590081548,0.035854017336559664,True
GSE31210,GSM773611,-2.019578983577587,0.24608802930659301,-0.6118475885119583,True
GSE31210,GSM773612,-0.5351735575057947,0.03535738005718165,0.4246154732187096,True
GSE31210,GSM773613,2.077134749725704,-0.22215357152668047,0.7577390499122194,True
GSE31210,GSM773614,2.6997805446336134,-0.2984930314014338,0.1821567984415769,True
GSE31210,GSM773615,1.8427952900747724,-0.6740276880104807,-0.4096731213369213,True
GSE31210,GSM773616,3.8336551508652015,-1.4716810464555579,1.342719054179879,True
GSE31210,GSM773617,1.526368736315363,0.040123149282885046,-0.3974975230161332,True
GSE31210,GSM773618,-1.0533461344888084,0.6243738793047181,-0.6688127458062055,True
GSE31210,GSM773619,-0.4970292263320034,0.3204585364530105,0.3353514955844156,True
GSE31210,GSM773620,-5.365366741703039,1.0384120016027654,-1.13593149416172,True
GSE31210,GSM773621,3.003636027030015,-1.2198252901374425,1.4353705498885843,True
GSE31210,GSM773622,-8.701739016809755,1.3024659282558984,-1.5163491388389903,True
GSE31210,GSM773623,-0.7854455228667089,0.15813928707328612,-0.7237019011004785,True
GSE31210,GSM773624,0.8624175169047912,0.2304440680829318,-0.5128880620844452,True
GSE31210,GSM773625,-6.570353381471081,0.9464998755186372,-0.6454309368755495,True
GSE31210,GSM773626,0.13385512315418785,0.471495674558937,0.3630551170980015,True
GSE31210,GSM773627,3.889792791893659,-0.06573943935931895,0.3116687801511586,True
GSE31210,GSM773628,4.683612407437899,-1.1717801031897177,1.4869385400317094,True
GSE31210,GSM773629,-2.4958788771192264,0.5037740235127995,-0.07812440511191895,True
GSE31210,GSM773630,2.424193407691371,-1.8959989260532173,1.0270718938752743,True
GSE31210,GSM773631,-1.2908156499661585,0.6059790276029974,-0.42177899947343,True
GSE31210,GSM773632,-0.17549591799693726,-0.003012326290892995,0.03629641381094303,True
GSE31210,GSM773633,4.259522747719046,-1.0641696945458154,1.0349159272934532,True
GSE31210,GSM773634,-2.1679990346418063,0.5998624264268946,-0.820617315091075,True
GSE31210,GSM773635,-2.699935215439708,0.5082584643944968,-0.5123940149428318,True
GSE31210,GSM773636,4.880877856528284,-0.8112819789860334,0.5244371202910858,True
GSE31210,GSM773637,-0.5598148324961733,0.3614730059707557,-0.4089070871528394,True
GSE31210,GSM773638,-4.828075746113307,0.43795653226247944,-1.119431727065297,True
GSE31210,GSM773639,3.3430916376953133,-0.46988251909683065,0.7103064022740773,True
GSE31210,GSM773640,5.190600521984112,-0.5756413799059594,0.48827292794039695,True
GSE31210,GSM773641,4.424825506648068,-0.4822205065428197,0.4697022042532314,True
GSE31210,GSM773642,3.695151338119682,-0.9495622782395259,0.09286713569000732,True
GSE31210,GSM773643,1.0378884725029875,-0.10651478237356862,0.7664441590006459,True
GSE31210,GSM773644,2.453263683370744,-0.2763167896260056,0.360410677320042,True
GSE31210,GSM773645,6.407725631766577,-1.2477422576547565,1.0315929543507838,True
GSE31210,GSM773646,1.8233974215134272,-0.5832203444384569,0.5846292685407866,True
GSE31210,GSM773647,3.150331490496912,-0.7939483139927195,0.2996321029160184,True
GSE31210,GSM773648,3.951731051093197,-0.9820248635113384,0.819872378216958,True
GSE31210,GSM773649,4.091073616397733,-1.0733154813466708,1.1905825463396407,True
GSE31210,GSM773650,6.033618020343369,-0.3973214300407374,0.2709897772427256,True
GSE31210,GSM773651,9.175344069962355,-1.3086640385002388,1.3203088192277914,True
GSE31210,GSM773652,1.9055887140248031,-0.22343770160417253,0.1209557527067712,True
GSE31210,GSM773653,-0.2835491507762272,0.22657128090492906,0.181545326495361,True
GSE31210,GSM773654,2.212867652245672,-0.3584000991503943,0.8802610607432637,True
GSE31210,GSM773655,4.883729308804569,-0.5672797601320939,-0.1803031181998713,True
GSE31210,GSM773656,-3.649431033432025,0.6398585526940762,-0.27672052244471,True
GSE31210,GSM773657,-2.989003851021777,0.7175611702231878,-0.11839115863574559,True
GSE31210,GSM773658,6.273942469873142,-1.4163163326770405,1.5096339818831512,True
GSE31210,GSM773659,4.983342920804846,-1.1128106527014898,1.2403434234562634,True
GSE31210,GSM773660,4.292190778207956,-0.5639249999318414,0.6995405080844337,True
GSE31210,GSM773661,2.874830127744392,-0.21055960395643256,0.8337006455961127,True
GSE31210,GSM773662,-3.1536318330108446,0.5046666302177969,-1.060829969375511,True
GSE31210,GSM773663,0.3106632301614053,0.03897691532426652,-0.1729705706957603,True
GSE31210,GSM773664,0.7641487277077029,-0.06716509777928098,-0.29298670953577943,True
GSE31210,GSM773665,0.06100282447541544,-0.8784732615445714,0.8648508898448235,True
GSE31210,GSM773666,0.9569780469878407,0.524014025371823,0.16534905866151978,True
GSE31210,GSM773667,0.7798097116897625,-0.3491760425633541,0.43805509188660235,True
GSE31210,GSM773668,0.7798446771016435,0.11342625756542035,-0.3572718601016878,True
GSE31210,GSM773669,2.436698662042132,-0.42942170890467424,0.2682075918256215,True
GSE31210,GSM773670,3.963743638395698,-0.03966159697315868,0.40706226831941983,True
GSE31210,GSM773671,-0.36123191968077584,0.3592449147610821,-0.11137136194898274,True
GSE31210,GSM773672,1.985445436135013,-0.2530366413889285,0.35880962637684827,True
GSE31210,GSM773673,2.893178072278554,-0.22446972170174073,0.546022099315753,True
GSE31210,GSM773674,1.0807241213679404,-1.6434380701009454,1.3006093459366466,True
GSE31210,GSM773675,3.7187903083216574,-0.6580612922402126,0.5777078242628586,True
GSE31210,GSM773676,1.4405408014004393,0.3435075501017026,0.5964820710994388,True
GSE31210,GSM773677,3.352769835376618,-0.44819263075637156,0.4984135261573373,True
GSE31210,GSM773678,0.18208873900019706,0.23480514397942237,0.45376905156808806,True
GSE31210,GSM773679,-0.5927371756768998,0.18515980312594293,0.7674792594665971,True
GSE31210,GSM773680,1.703711011205149,0.047134745627317294,-0.3212987834345576,True
GSE31210,GSM773681,-4.875077412895259,0.7203346029818722,-0.9888668696546554,True
GSE31210,GSM773682,0.3899181352625316,0.3874789354363736,0.01190917407365304,True
GSE31210,GSM773683,6.940365173617788,-0.9299994336680868,1.4539798023405286,True
GSE31210,GSM773684,-0.32617033794849115,0.26324197127137966,-0.26406516655295503,True
GSE31210,GSM773685,-2.144671850027295,0.39037039181743205,-0.5432883664544955,True
GSE31210,GSM773686,-1.9682722126487118,0.3363873305424546,-0.6247134381078576,True
GSE31210,GSM773687,-1.5901662367230842,0.6236871095153158,-0.31792169552722893,True
GSE31210,GSM773688,4.089888963322268,-0.321405237768552,0.38170149548749244,True
GSE31210,GSM773689,-1.695279134644124,0.37119434207607854,-0.442616354830805,True
GSE31210,GSM773690,-1.7822578079750078,0.08495974824920197,-0.4441619156722778,True
GSE31210,GSM773691,-0.809188839188708,0.014428336296412651,-0.32807431443526475,True
GSE31210,GSM773692,-2.6106302521819726,0.5985021841193938,-0.36688989290837554,True
GSE31210,GSM773693,-2.0944788566750216,0.39782010936068013,-0.7184891075554168,True
GSE31210,GSM773694,1.0139124970051294,-0.10003632172105677,-0.04231502446488597,True
GSE31210,GSM773695,-5.677780447058226,0.798247510349639,-0.6409617855218859,True
GSE31210,GSM773696,-0.3335242169094964,0.02931105959403572,-0.6715677134093293,True
GSE31210,GSM773697,5.411581321498251,-0.8398008481900553,1.3183173520715694,True
GSE31210,GSM773698,1.9942978765628743,-0.5727499254113044,0.44118802821801373,True
GSE31210,GSM773699,-2.0183061490047374,0.4899443650938019,-0.7527836446203133,True
GSE31210,GSM773700,0.30882466861562746,0.19842325811108733,0.0806499079648533,True
GSE31210,GSM773701,-3.7408913605375123,1.2590521503344518,-0.4382569165163782,True
GSE31210,GSM773702,0.8775419788095129,0.21132366956849663,-0.14686701426974536,True
GSE31210,GSM773703,2.694554093663257,-0.6053260607319237,1.0726541114035117,True
GSE31210,GSM773704,0.44504199381002735,0.46361120322849864,-0.6417937845590889,True
GSE31210,GSM773705,-5.620174161512339,1.1918250522063074,-0.8068825951748144,True
GSE31210,GSM773706,0.17526551957593905,0.06065665315142205,-1.0481028029167185,True
GSE31210,GSM773707,-1.552474693529851,0.35092027134821413,-0.262129331819909,True
GSE31210,GSM773708,2.84842750979043,-0.3391284080566297,-0.38994760702984826,True
GSE31210,GSM773709,-2.29189442726379,0.43877904389965683,-0.29472982980502677,True
GSE31210,GSM773710,-0.826085829777383,0.284636978974485,-0.5410073545954761,True
GSE31210,GSM773711,-2.30816740737577,0.43852650707621466,-0.6110954171542249,True
GSE31210,GSM773712,-3.6052754670852005,0.3847981031681933,-0.43923603161562647,True
GSE31210,GSM773713,2.430908319671793,0.13185700334547795,0.3567651501151835,True
GSE31210,GSM773714,0.7243425111279852,-0.044048914103328736,-0.5793790533483637,True
GSE31210,GSM773715,1.4123430127255068,-0.30780796867800325,-0.15247584692962132,True
GSE31210,GSM773716,6.262721522779585,-1.2964322123368321,1.0417165479355748,True
GSE31210,GSM773717,3.4851683680064274,-0.9254663190609969,0.4878811568883063,True
GSE31210,GSM773718,-1.0426962869659646,0.17904513601140737,-0.17500167081423584,True
GSE31210,GSM773719,-1.7171769178743572,0.46123456855711825,-0.16415924224761175,True
GSE31210,GSM773720,3.7946005331272077,-0.32397578345939954,-0.005348686193540257,True
GSE31210,GSM773721,-6.38781973020659,1.1578570751669324,-1.2778083542082885,True
GSE31210,GSM773722,2.0671465763397174,-0.1424496503152191,0.02960048094133812,True
GSE31210,GSM773723,1.6622329239444578,-0.3623239897728272,0.6659560119597534,True
GSE31210,GSM773724,1.4119304179772794,-0.030080493451500115,0.4413735231202306,True
GSE31210,GSM773725,0.13964318089500155,0.4071343949905933,-0.15038999268844855,True
GSE31210,GSM773726,1.437765135576806,0.10921258175027485,-0.022601114716651403,True
GSE31210,GSM773727,2.5661716716918583,-0.026444153397218395,0.34696415768926725,True
GSE31210,GSM773728,1.9946349882249317,-0.2758549758951937,0.2889706120677126,True
GSE31210,GSM773729,0.795053687585792,0.12319980176547402,0.046972937020324915,True
GSE31210,GSM773730,1.8722603827413349,-0.05621515379358807,0.44101306143999597,True
GSE31210,GSM773731,-2.7923020173241584,0.9090013329922803,-0.5915707115549527,True
GSE31210,GSM773732,-1.6789049251383914,0.14893791823891686,-0.7746457304273487,True
GSE31210,GSM773733,0.10502059146632436,0.30311227836914134,-0.38099887044194114,True
GSE31210,GSM773734,-5.082294793478518,1.105033600305963,-0.7993375807691221,True
GSE31210,GSM773735,-1.8874302393269629,0.44630885912766405,-0.7729342609978644,True
GSE31210,GSM773736,-2.0142959736533417,0.2098109547920972,-0.47846181764816287,True
GSE31210,GSM773737,-3.4441036411276587,0.8361518556696976,0.2059574916170078,True
GSE31210,GSM773738,2.296418321983592,-0.04552230348279798,-0.2748450034366856,True
GSE31210,GSM773739,1.4650307607983346,0.09760310912641725,-0.564143097428538,True
GSE31210,GSM773740,3.5742578899567956,-0.7522545709061497,0.5808445661883227,True
GSE31210,GSM773741,5.80258759246595,-0.5374804082018919,0.33940764590203154,True
GSE31210,GSM773742,3.781458793425368,-0.4550534467985901,0.5143054555085229,True
GSE31210,GSM773743,1.7478078091344842,0.3260337358972951,-0.44528670453089186,True
GSE31210,GSM773744,2.269076419965905,0.04845111605307954,-0.6163233058921888,True
GSE31210,GSM773745,1.7825146300463657,-0.808873468311981,0.6865949745826692,True
GSE31210,GSM773746,-2.1151662777256544,0.4966971257539659,-0.2599659595531384,True
GSE31210,GSM773747,-0.12682401753179784,-0.05861621113166245,-1.2204240955404262,True
GSE31210,GSM773748,-1.9689795683913651,0.16164968691939505,-0.795810625420836,True
GSE31210,GSM773749,3.7277709932526752,-0.46384674992083863,0.846776601367065,True
GSE31210,GSM773750,-1.2060260427600054,0.3283876568087541,-0.7256246436065404,True
GSE31210,GSM773751,2.4822665412315996,-0.43398886156807714,0.2199454001558924,True
GSE31210,GSM773752,3.3757046884273656,-0.3724175495127919,-0.6842873836914735,True
GSE31210,GSM773753,-0.05304302985523757,0.17991952326388774,-0.27219085380050134,True
GSE31210,GSM773754,0.31226017479502566,0.24880130425735128,-0.4894168726207604,True
GSE31210,GSM773755,3.7346114532905426,-0.5198655178570826,-0.09086320365910285,True
GSE31210,GSM773756,1.9294971617668453,-0.48587377176370045,0.4464497248387195,True
GSE31210,GSM773757,3.058610083983411,-0.24217192866661083,-0.16715005256317056,True
GSE31210,GSM773758,1.5542444397585133,-0.30251030166515547,-0.6782910444326589,True
GSE31210,GSM773759,2.8981047625604095,-0.2853700057114493,-0.7884500217761571,True
GSE31210,GSM773760,1.695334012009261,0.052818535856779356,-0.44645954686295514,True
GSE31210,GSM773761,-0.8862360081582795,0.4209369093645322,-0.5929985012866001,True
GSE31210,GSM773762,0.6724892862750935,0.07145273345183299,-0.4434312671250213,True
GSE31210,GSM773763,-4.198809278627338,0.8818414468536693,-0.7673127319022086,True
GSE31210,GSM773764,2.79443738988921,-0.5262574368803669,0.41573358617873446,True
GSE31210,GSM773765,0.6860030492767483,0.021590359406899254,-0.4280255223253094,True
GSE31210,GSM773766,-9.757752952501193,1.3402324178963603,-1.6356844887074806,False
GSE31210,GSM773767,-9.114165124369729,1.3677276092346509,-1.1978200955181388,False
GSE31210,GSM773768,-9.240909261572087,1.2110512693259252,-1.5824479872003905,False
GSE31210,GSM773769,-9.63228838906612,1.3032126299305422,-1.7434226319761958,False
GSE31210,GSM773770,-9.616871386543993,1.348377741922018,-1.7828421396510161,False
GSE31210,GSM773771,-7.972129332770311,1.1610385767730533,-0.8750228869900448,False
GSE31210,GSM773772,-8.332820542678107,1.1497631257427567,-0.6748804009962581,False
GSE31210,GSM773773,-10.047252118000294,1.3620071192239938,-1.6093334400248849,False
GSE31210,GSM773774,-9.602827901076346,1.2313924327305286,-1.68879796503155,False
GSE31210,GSM773775,-9.597600194643524,1.1964376303980362,-1.3226849635326627,False
GSE31210,GSM773776,-8.996981249905986,1.293556718146026,-1.6031073429380451,False
GSE31210,GSM773777,-7.012247585696625,1.0879690262871515,-1.632491867176541,False
GSE31210,GSM773778,-9.760480200824665,1.2963864807817571,-1.6878257021081609,False
GSE31210,GSM773779,-9.247527838077449,1.36531939634113,-1.6853422844975543,False
GSE31210,GSM773780,-8.71532534586097,1.3500817371330154,-1.4935527512181082,False
GSE31210,GSM773781,-7.054136956490789,0.9399897905705521,-1.1483066216669635,False
GSE31210,GSM773782,-10.171533235530218,1.2496033908406154,-1.2676503078615962,False
GSE31210,GSM773783,-11.082159806758558,1.0614301278380167,-1.345490699238709,False
GSE31210,GSM773784,-6.162309095743655,0.8936125440204279,-1.5494207524929013,False
GSE31210,GSM773785,-8.391057955068375,1.211715301283316,-1.4655897188762523,False
GSE40791,GSM1001510,-1.8793123335001347,0.41300581049152985,-0.42623877499522267,False
GSE40791,GSM1001511,0.5153170013478068,0.49801967282196735,-0.4844413246321391,False
GSE40791,GSM1001512,0.3391550935881664,0.4175279291589042,-0.35844290352012426,False
GSE40791,GSM1001513,3.2506483657843956,0.0044009733832724544,-0.09577189091644961,False
GSE40791,GSM1001514,-1.6286787511589438,0.5104277511292585,-0.3187227007994132,False
GSE40791,GSM1001515,-1.2255151324551612,0.37034999195638896,-0.3878493736628574,False
GSE40791,GSM1001516,4.204412225268325,0.24403560717129727,-0.3747177759876164,False
GSE40791,GSM1001517,-2.129161672033769,0.24194851858574243,-0.3684840985102509,False
GSE40791,GSM1001518,-1.1670255780252665,0.5282421830596588,-0.5158514720964322,False
GSE40791,GSM1001519,-1.8155199795646508,0.3082256621831944,-0.4433278390055424,False
GSE40791,GSM1001668,20.598056933488408,-2.6563575768576895,2.740245056121463,True
GSE40791,GSM1001671,16.112182095450223,-0.8798265230835242,1.0336030980045863,True
GSE7670,GSM185811,-1.7307620757569646,0.7190109991900743,-0.8333896877046962,False
GSE7670,GSM185812,6.977477268238371,-0.6147001198308283,0.7316764982569335,True
GSE7670,GSM185813,-0.4037552729259768,0.7410254525762996,-0.8011309682427239,False
GSE7670,GSM185814,8.915817764883343,-1.0346151329864062,1.01167650821662,True
GSE7670,GSM185815,-2.0507777870171475,0.8622272617394833,-0.8086190172075824,False
GSE7670,GSM185816,8.802041627309634,-0.9678672090856978,1.4031087997684466,True
GSE7670,GSM185817,0.0034808628548086418,0.8421779750970121,-0.8493113017490573,False
GSE7670,GSM185818,7.181639948002247,-0.27292329083620515,0.5563703483682959,True
GSE7670,GSM185819,-1.686883380460281,0.7408977943938136,-0.7421120971269419,False
GSE7670,GSM185820,7.642136798719671,-1.2653875857394397,0.6839390003185901,True
GSE7670,GSM185821,-3.8838019947145623,0.541281840630865,-0.7466696303736127,False
GSE7670,GSM185822,7.342169284072933,-0.9423090508961816,1.2912697309098673,True
GSE7670,GSM185823,-2.6946939179127574,0.7008906064363286,-0.7714417479917056,False
GSE7670,GSM185824,9.107926657987019,-0.6399776585043673,0.47706095289560296,True
GSE7670,GSM185825,-1.1443099157769332,0.5902681178152506,-0.6024273883380368,False
