ID_REF,GSE30219,GSE50081,GSE19188,d_Media,d_Minima_Abs,Direccion
DSG3,4.877554,2.569206,5.0814095,4.1760564,2.569206,escamoso
KRT5,6.060813,2.4617255,3.3776474,3.9667284,2.4617255,escamoso
CALML3,3.7282035,2.3730605,2.8427918,2.9813519,2.3730605,escamoso
KRT6B,4.1607246,2.3126607,2.791563,3.088316,2.3126607,escamoso
PKP1,3.68984,2.3012345,4.145974,3.3790162,2.3012345,escamoso
FAT2,3.7890594,2.2774076,3.019384,3.0286171,2.2774076,escamoso
DAPL1,3.4412894,2.2083495,4.0490074,3.2328823,2.2083495,escamoso
TRIM29,3.6251473,2.175046,2.5787506,2.7929814,2.175046,escamoso
CLCA2,4.6467433,2.1310484,3.1751485,3.3176467,2.1310484,escamoso
DSC3,4.2848444,2.110762,4.9975786,3.7977283,2.110762,escamoso
S1PR5,2.9074001,2.1083913,2.7207923,2.5788612,2.1083913,escamoso
KRT6A,3.6614027,2.0848024,2.4088295,2.718345,2.0848024,escamoso
KRT13,2.7417572,2.060212,2.870387,2.557452,2.060212,escamoso
SERPINB5,3.3658829,2.0447962,2.0438764,2.4848518,2.0438764,escamoso
TP63,3.936911,2.0434892,3.628234,3.202878,2.0434892,escamoso
GJB5,3.8906856,2.0197368,2.5503666,2.820263,2.0197368,escamoso
KRT16,3.2117553,2.0085783,2.1370819,2.4524717,2.0085783,escamoso
BNC1,3.3374548,1.977205,2.578741,2.6311338,1.977205,escamoso
CERS3,2.7777956,1.9693663,2.3915532,2.3795717,1.9693663,escamoso
TMEM40,3.2686267,1.9693333,2.183273,2.4737444,1.9693333,escamoso
JUP,3.3728178,1.9581944,2.0904872,2.473833,1.9581944,escamoso
VSNL1,3.3078756,1.9573708,2.7754612,2.6802359,1.9573708,escamoso
GBP6,3.2328768,1.9467248,4.1621494,3.113917,1.9467248,escamoso
PITX1,2.555707,1.9093244,2.1048522,2.1899612,1.9093244,escamoso
NTRK2,2.885282,1.8998307,2.6321707,2.4724278,1.8998307,escamoso
GJB6,2.5812583,1.899288,2.9100223,2.463523,1.899288,escamoso
CYP2S1,2.1457324,1.8918263,2.195033,2.0775306,1.8918263,escamoso
SERPINB13,3.2010238,1.8913583,2.8219776,2.63812,1.8913583,escamoso
PERP,3.231477,1.8786374,2.1962337,2.4354494,1.8786374,escamoso
FOXE1,2.5162683,1.8727624,2.8913946,2.4268084,1.8727624,escamoso
ABCC5,2.2090237,1.8664969,2.8561614,2.3105605,1.8664969,escamoso
BICD2,2.7051384,1.8351845,2.2551265,2.2651498,1.8351845,escamoso
PTHLH,2.6620507,1.8238618,2.0708854,2.1855993,1.8238618,escamoso
SLC2A1,3.100556,1.8223453,1.9816072,2.301503,1.8223453,escamoso
KRT14,2.482388,1.8068053,1.8418624,2.0436852,1.8068053,escamoso
BMP7,2.7072732,1.802526,3.1997876,2.5698621,1.802526,escamoso
XXYLT1,2.9509258,1.7994267,2.3865638,2.378972,1.7994267,escamoso
MIR205HG,3.4905715,1.7968757,2.1298175,2.4724214,1.7968757,escamoso
ATP1B3,2.770828,1.7967948,2.1762488,2.2479572,1.7967948,escamoso
PVRL1,2.7563,1.7956334,2.316811,2.2895815,1.7956334,escamoso
FAM83B,3.6099005,1.7929674,2.7251823,2.7093499,1.7929674,escamoso
RAPGEFL1,2.5657794,1.7918193,1.9833905,2.113663,1.7918193,escamoso
ST6GALNAC2,2.8257816,1.7869447,2.2338746,2.2822,1.7869447,escamoso
ADH7,2.5473456,1.7628103,2.705012,2.3383894,1.7628103,escamoso
CELSR2,2.6187224,1.7602696,1.7872236,2.0554054,1.7602696,escamoso
ARTN,2.2661147,1.7521462,2.1375217,2.0519276,1.7521462,escamoso
JAG1,3.3534207,1.7514325,2.2159634,2.440272,1.7514325,escamoso
DENND2C,2.814367,1.7426577,2.5498142,2.3689463,1.7426577,escamoso
GRHL3,2.7088728,1.7200497,2.188459,2.2057939,1.7200497,escamoso
NFE2L2,2.2331958,1.7198943,1.9813426,1.9781443,1.7198943,escamoso
IGSF11,2.1614332,1.7168708,1.7181896,1.865498,1.7168708,escamoso
GPC1,3.5721786,1.8740649,1.7153026,2.387182,1.7153026,escamoso
SLC9A3R1,2.199186,1.7146963,1.9347856,1.949556,1.7146963,escamoso
DDAH1,-2.3614082,-1.70793,-1.753762,-1.9410334,1.70793,adenocarcinoma
KRT7,-1.7028993,-1.7566019,-2.1444287,-1.8679767,1.7028993,adenocarcinoma
ADAM23,2.3250566,1.7017173,2.2864451,2.1044064,1.7017173,escamoso
IRF6,2.8028362,1.6955509,1.7967253,2.0983708,1.6955509,escamoso
CHRM3,1.9331058,1.6935217,1.8727037,1.8331103,1.6935217,escamoso
SLC6A10P,2.7944922,1.6905993,2.7860115,2.423701,1.6905993,escamoso
SPRR1A,2.8879445,1.6803718,2.5492349,2.372517,1.6803718,escamoso
NMNAT3,1.9599919,1.6774713,2.091821,1.9097614,1.6774713,escamoso
SLC6A8,2.760768,1.6767634,2.6592598,2.365597,1.6767634,escamoso
CSTA,3.5589201,1.6753603,2.8748653,2.7030487,1.6753603,escamoso
LOC344887,1.7425039,1.6733679,2.0218391,1.8125702,1.6733679,escamoso
DMRT2,2.154602,1.6626174,2.4138618,2.077027,1.6626174,escamoso
PCYT1A,2.49607,1.6614789,2.2642643,2.1406043,1.6614789,escamoso
WDR72,2.6759448,1.7137798,1.6608793,2.0168679,1.6608793,escamoso
PTPRZ1,2.3416553,1.6604928,3.664505,2.555551,1.6604928,escamoso
UGT1A1,1.9652122,1.7793767,1.6582818,1.8009568,1.6582818,escamoso
NKX2-1,-2.5351384,-1.6578962,-1.7667433,-1.9865927,1.6578962,adenocarcinoma
DQX1,1.6515257,1.7970054,1.7650225,1.7378511,1.6515257,escamoso
LOC100506374,1.8605361,1.6429707,1.700898,1.7348017,1.6429707,escamoso
C10orf99,1.7999094,1.6294004,1.9165508,1.7819535,1.6294004,escamoso
ABCC1,2.0373375,1.6183238,1.795406,1.8170224,1.6183238,escamoso
TPRG1,2.1436555,1.6141423,1.9261206,1.8946395,1.6141423,escamoso
FAM83C,2.3800507,1.6092514,2.7696378,2.25298,1.6092514,escamoso
LOC102724257,-2.3463385,-1.6089365,-1.7589235,-1.9047328,1.6089365,adenocarcinoma
S100A2,3.070155,1.602887,1.7650633,2.146035,1.602887,escamoso
TINCR,2.4597774,1.6005669,1.7561809,1.9388417,1.6005669,escamoso
COL7A1,3.514629,1.79054,1.6005286,2.3018992,1.6005286,escamoso
COL4A6,2.527678,1.629286,1.5935214,1.9168285,1.5935214,escamoso
ANXA8,3.6373763,1.7755224,1.5904331,2.3344438,1.5904331,escamoso
ULBP2,2.7922494,1.5854505,1.7544825,2.0440607,1.5854505,escamoso
TMEM125,-2.3513002,-1.5853734,-1.8779898,-1.9382211,1.5853734,adenocarcinoma
PRIMA1,1.9832951,1.5815856,1.7799658,1.7816156,1.5815856,escamoso
TRIM7,1.9248556,1.5782288,1.6328429,1.7119757,1.5782288,escamoso
KRT15,2.692037,1.5764955,2.6453598,2.304631,1.5764955,escamoso
NRARP,2.3679497,1.7129782,1.5741639,1.8850306,1.5741639,escamoso
SOX15,2.6585276,1.5714332,1.9327016,2.054221,1.5714332,escamoso
MICALL1,3.1324937,1.5691181,1.8504276,2.1840131,1.5691181,escamoso
SIAH2,2.437487,1.5645311,1.624217,1.8754116,1.5645311,escamoso
MUC1,-1.9024781,-1.5530751,-1.8345025,-1.7633518,1.5530751,adenocarcinoma
ARHGEF4,2.1643665,1.5530379,1.5677502,1.7617182,1.5530379,escamoso
CRIP1,-1.6540002,-1.5504963,-1.7583745,-1.6542902,1.5504963,adenocarcinoma
MIR205,2.67898,1.8757637,1.5504527,2.0350654,1.5504527,escamoso
RHCG,1.8973112,1.8088835,1.55,1.7520651,1.55,escamoso
SPRR3,3.1612198,1.5476458,2.5554025,2.4214227,1.5476458,escamoso
LYPD3,2.754523,1.5448198,1.5436611,1.9476681,1.5436611,escamoso
TMEM246,1.9404685,1.5376536,1.9699979,1.81604,1.5376536,escamoso
DVL3,2.0744221,1.537618,1.7201147,1.7773849,1.537618,escamoso
COL4A5,2.4119747,1.5317534,1.6410769,1.8616017,1.5317534,escamoso
SOX2,2.0393703,1.5272722,2.1716533,1.9127651,1.5272722,escamoso
TMEM117,2.6135435,1.523552,1.9410578,2.026051,1.523552,escamoso
CGN,-2.629909,-1.5193204,-1.6313796,-1.9268698,1.5193204,adenocarcinoma
LIMCH1,-2.1919959,-1.5178049,-1.7107029,-1.8068346,1.5178049,adenocarcinoma
SPRR2B,2.6945248,1.5121633,2.2346995,2.147129,1.5121633,escamoso
CENPW,2.0585802,1.5108453,1.8376788,1.8023682,1.5108453,escamoso
MARK1,2.0774043,1.5048888,1.9096675,1.8306535,1.5048888,escamoso
PLD1,2.1229439,1.499463,1.8201396,1.8141823,1.499463,escamoso
KCTD1,2.359119,1.493871,1.8075114,1.8868338,1.493871,escamoso
PTDSS1,2.295116,1.4935176,2.2165506,2.001728,1.4935176,escamoso
SFTA2,-2.253292,-1.4886007,-1.5667669,-1.7695532,1.4886007,adenocarcinoma
SFTA3,-2.092628,-1.5337074,-1.4869767,-1.7044374,1.4869767,adenocarcinoma
PIGX,2.646114,1.4861622,2.1763859,2.1028874,1.4861622,escamoso
JARID2,1.5834107,1.48532,1.7673802,1.6120371,1.48532,escamoso
LPIN2,-2.258219,-1.4849199,-1.6406898,-1.7946095,1.4849199,adenocarcinoma
EIF2B5,1.9446406,1.4848151,1.6643003,1.6979188,1.4848151,escamoso
NCBP2-AS2,2.3580084,1.4786166,1.5769541,1.8045263,1.4786166,escamoso
BCL11A,1.9447464,1.4744582,2.1344984,1.8512344,1.4744582,escamoso
STON2,2.9331708,1.472336,1.6038554,2.0031207,1.472336,escamoso
CYB5R2,1.5319492,1.4675479,1.8422428,1.6139132,1.4675479,escamoso
NUDT11,2.2298174,1.464331,1.7763023,1.8234836,1.464331,escamoso
PSMD2,2.140395,1.4626575,1.9034483,1.8355002,1.4626575,escamoso
AKR1B10,1.6167448,1.4613748,1.6559025,1.5780073,1.4613748,escamoso
CAPNS2,2.447776,1.4576323,2.7317815,2.2123966,1.4576323,escamoso
PRR15L,-1.8597726,-1.4569864,-1.855074,-1.7239443,1.4569864,adenocarcinoma
FGFBP1,2.2660165,1.4560102,2.395219,2.0390818,1.4560102,escamoso
FOXD1,2.7942128,1.593762,1.4548061,1.9475937,1.4548061,escamoso
CHST7,1.6435273,1.4537781,2.2364044,1.7779032,1.4537781,escamoso
ICA1,-2.165315,-1.4534528,-1.6525191,-1.7570957,1.4534528,adenocarcinoma
A2ML1,2.089452,1.4520284,1.5732261,1.7049022,1.4520284,escamoso
DLX5,2.4551933,1.4500705,1.8333225,1.9128622,1.4500705,escamoso
NTS,1.7077365,1.4498297,1.4944257,1.550664,1.4498297,escamoso
E2F7,2.3504074,1.4474589,1.7078942,1.8352536,1.4474589,escamoso
TMC5,-2.1357477,-1.4440254,-1.6832223,-1.7543317,1.4440254,adenocarcinoma
ACSL5,-2.660331,-1.4418675,-1.9570364,-2.019745,1.4418675,adenocarcinoma
TPRXL,2.2652872,1.4401268,1.6741377,1.7931838,1.4401268,escamoso
TBCCD1,2.0451896,1.5586519,1.436088,1.6799765,1.436088,escamoso
MLPH,-2.2558093,-1.4330311,-1.8075473,-1.8321291,1.4330311,adenocarcinoma
KLHL13,2.0555806,1.4214513,2.3870332,1.9546884,1.4214513,escamoso
RNF7,2.0234654,1.4195393,1.7879671,1.7436572,1.4195393,escamoso
USP31,2.318974,1.4177741,1.4428575,1.7265352,1.4177741,escamoso
COQ3,1.8093108,1.4154822,1.6933601,1.6393843,1.4154822,escamoso
LOC440173,2.0482106,1.4102974,1.5494193,1.6693091,1.4102974,escamoso
LPCAT1,-2.1648605,-1.4089723,-1.4995648,-1.6911325,1.4089723,adenocarcinoma
FXYD3,1.5617785,1.5252427,1.4085544,1.4985253,1.4085544,escamoso
KCTD15,2.0153449,1.4079522,1.6540195,1.6924387,1.4079522,escamoso
SMIM14,-2.2816052,-1.4074888,-1.517416,-1.7355033,1.4074888,adenocarcinoma
TTLL12,2.353105,1.4379511,1.4058129,1.7322897,1.4058129,escamoso
MRAP2,2.296625,1.4032923,1.8665317,1.855483,1.4032923,escamoso
PARD6G,2.2328835,1.4018661,1.8828564,1.8392019,1.4018661,escamoso
PCDH19,2.0998049,1.3983266,1.4615611,1.6532308,1.3983266,escamoso
GPX2,1.3927253,1.4371574,1.5785403,1.4694743,1.3927253,escamoso
SETD8,2.6447644,1.3919467,1.739337,1.9253494,1.3919467,escamoso
TMPRSS11D,2.3170948,1.3829892,2.4617105,2.0539315,1.3829892,escamoso
GINS3,1.8323293,1.3804603,1.6763172,1.6297022,1.3804603,escamoso
CAPN8,-1.9439095,-1.3766264,-1.4466872,-1.5890745,1.3766264,adenocarcinoma
CD55,-1.6889117,-1.3752521,-1.5577867,-1.54065,1.3752521,adenocarcinoma
SELENBP1,-1.7463171,-1.3748407,-1.5080321,-1.5430633,1.3748407,adenocarcinoma
TSLP,1.6292871,1.3881433,1.3736737,1.4637012,1.3736737,escamoso
FST,2.378939,1.3696755,2.9998534,2.249489,1.3696755,escamoso
NDRG4,1.9529421,1.5798295,1.3686792,1.6338168,1.3686792,escamoso
SMPDL3B,-2.319409,-1.3672858,-1.6878525,-1.7915157,1.3672858,adenocarcinoma
MEIS3P1,-1.7151514,-1.3964524,-1.3633864,-1.4916633,1.3633864,adenocarcinoma
TENM2,2.8422565,1.9109305,1.3633605,2.038849,1.3633605,escamoso
RORC,-2.3295128,-1.3620415,-1.6742843,-1.7886128,1.3620415,adenocarcinoma
ST3GAL5,-2.2820513,-1.4734061,-1.3607882,-1.7054152,1.3607882,adenocarcinoma
LRRC4,1.6676733,1.3585038,1.5213954,1.5158576,1.3585038,escamoso
LMNB2,1.8921674,1.3536305,1.3616399,1.5358127,1.3536305,escamoso
KCNG1,1.7853488,1.3970895,1.3472703,1.509903,1.3472703,escamoso
PPP1R9A,-2.1605208,-1.3447235,-1.6775576,-1.7276006,1.3447235,adenocarcinoma
PARL,2.036692,1.3445913,1.4667507,1.6160113,1.3445913,escamoso
FOXN1,1.86027,1.3433698,1.7581636,1.6539345,1.3433698,escamoso
SMIM22,-2.3466122,-1.3428398,-1.3500893,-1.6798471,1.3428398,adenocarcinoma
PNMA2,-1.7203953,-1.3426894,-1.4957721,-1.519619,1.3426894,adenocarcinoma
FAM83F,2.1177123,1.7283678,1.342598,1.7295593,1.342598,escamoso
DLX6,1.934881,1.4629285,1.3404917,1.5794338,1.3404917,escamoso
LOC100506119,2.0570588,1.3399491,1.8647567,1.7539215,1.3399491,escamoso
NUP50-AS1,1.339561,1.3981776,1.5004517,1.4127301,1.339561,escamoso
OCLN,-1.9150544,-1.3390739,-1.3673695,-1.5404993,1.3390739,adenocarcinoma
DYNC1I1,1.823519,1.3370495,1.3414947,1.5006877,1.3370495,escamoso
YEATS2,2.1777103,1.3364577,1.7836899,1.7659526,1.3364577,escamoso
MAP6D1,1.665848,1.3329098,1.509884,1.5028806,1.3329098,escamoso
UPK1B,2.282531,1.3878429,1.3325465,1.6676401,1.3325465,escamoso
ALG3,1.8349733,1.3356954,1.3321139,1.5009274,1.3321139,escamoso
GOLT1A,-2.4121528,-1.329895,-1.5685899,-1.7702125,1.329895,adenocarcinoma
PARM1,-1.5884007,-1.3659962,-1.3282018,-1.4275328,1.3282018,adenocarcinoma
C3orf58,2.3749003,1.328035,2.6092741,2.1040697,1.328035,escamoso
CADPS2,-2.2962928,-1.3244672,-1.9294696,-1.8500766,1.3244672,adenocarcinoma
ACOX2,-2.2168365,-1.3230356,-1.4086285,-1.6495003,1.3230356,adenocarcinoma
SERPINB2,2.509807,1.3214121,1.5164177,1.7825457,1.3214121,escamoso
BTBD11,1.7467033,1.7533973,1.3205683,1.6068897,1.3205683,escamoso
HRAS,2.2296002,1.3194777,1.7103829,1.7531537,1.3194777,escamoso
CLDN3,-2.4130874,-1.3152032,-1.9599344,-1.8960749,1.3152032,adenocarcinoma
ALOX12,1.805828,1.6931506,1.3144351,1.6044712,1.3144351,escamoso
CENPN,1.7139144,1.3139161,1.645166,1.5576655,1.3139161,escamoso
ABCF3,1.8656142,1.4044129,1.3137479,1.527925,1.3137479,escamoso
FABP5,2.306109,1.3134294,2.0550356,1.8915247,1.3134294,escamoso
PAX6,2.3398669,1.6600931,1.305197,1.7683855,1.305197,escamoso
NDUFA4L2,1.782254,1.304961,1.7722936,1.6198362,1.304961,escamoso
ACAT2,1.5965757,1.303199,1.5073501,1.4690417,1.303199,escamoso
SFN,2.803876,1.302936,1.5181559,1.8749894,1.302936,escamoso
CEACAM6,-1.6880814,-1.3014071,-1.4778839,-1.4891242,1.3014071,adenocarcinoma
CHAF1A,1.8770725,1.297681,1.9481168,1.7076235,1.297681,escamoso
CD63,-1.9123613,-1.2972195,-1.6214596,-1.6103468,1.2972195,adenocarcinoma
AP2M1,2.248738,1.5380625,1.2970896,1.69463,1.2970896,escamoso
RBM47,-2.2225542,-1.3911121,-1.2967646,-1.6368103,1.2967646,adenocarcinoma
LOC101060179,2.0470295,1.370511,1.2945718,1.5707041,1.2945718,escamoso
LOC100130691,1.559302,1.2945067,1.5527383,1.4688491,1.2945067,escamoso
BLCAP,1.7829205,1.2933344,1.6468929,1.5743827,1.2933344,escamoso
LGALS7,2.0769992,1.7594837,1.2932022,1.7098951,1.2932022,escamoso
HES2,1.8072464,1.2920405,1.7578187,1.6190352,1.2920405,escamoso
TRA2B,1.7059451,1.2919052,1.4752437,1.4910313,1.2919052,escamoso
YBX3,2.198187,1.2864994,1.3502604,1.6116489,1.2864994,escamoso
KRTDAP,1.5851421,1.2864257,1.3004764,1.3906814,1.2864257,escamoso
NHSL1,1.3309488,1.4056048,1.2862763,1.3409433,1.2862763,escamoso
PON3,-1.8374935,-1.2862245,-1.6167296,-1.5801492,1.2862245,adenocarcinoma
KREMEN1,1.7224709,1.4463497,1.2831602,1.4839935,1.2831602,escamoso
CCL26,1.2825981,1.5350285,1.7264925,1.5147063,1.2825981,escamoso
NKX2-1-AS1,-2.2020264,-1.2796044,-1.2817109,-1.5877806,1.2796044,adenocarcinoma
GOLM1,-1.8185452,-1.2788783,-1.5010926,-1.5328387,1.2788783,adenocarcinoma
ARRB1,-2.557272,-1.2784549,-1.5997981,-1.8118416,1.2784549,adenocarcinoma
RNF217,2.2089732,1.2778556,1.9140037,1.8002776,1.2778556,escamoso
WNT2B,1.8402051,1.2773838,1.5233326,1.5469738,1.2773838,escamoso
GPR87,2.6687648,1.2769673,1.6276891,1.8578072,1.2769673,escamoso
PAK2,2.3435228,1.2740339,1.8813431,1.8329664,1.2740339,escamoso
P4HTM,-1.5256182,-1.2733588,-1.7701802,-1.5230523,1.2733588,adenocarcinoma
LOC100288860,2.0576913,1.2681457,1.8662723,1.7307032,1.2681457,escamoso
CDHR1,1.3341452,1.2672865,1.4240797,1.3418373,1.2672865,escamoso
TPD52L1,2.0143971,1.2671933,1.6653625,1.6489843,1.2671933,escamoso
TICRR,2.1396859,1.2668155,1.6885641,1.6983551,1.2668155,escamoso
RNF168,2.3654637,1.2667023,2.3505006,1.9942222,1.2667023,escamoso
C16orf74,1.7205917,1.2660316,1.4113889,1.466004,1.2660316,escamoso
LINC01133,2.077999,1.2642956,1.8778358,1.7400435,1.2642956,escamoso
FANCE,2.0760787,1.2632931,2.397101,1.9121575,1.2632931,escamoso
GLTP,1.8815376,1.2628564,2.3987837,1.8477259,1.2628564,escamoso
SERPINB3,1.8292086,1.3266188,1.2622195,1.4726824,1.2622195,escamoso
GPRC5A,-1.5615184,-1.2590139,-1.5794262,-1.4666529,1.2590139,adenocarcinoma
FGFR2,1.7046576,1.2577971,1.4511172,1.4711906,1.2577971,escamoso
ABCC6,-2.301532,-1.2565777,-1.7655287,-1.7745461,1.2565777,adenocarcinoma
SLC44A4,-2.0106938,-1.2560478,-1.4093292,-1.5586904,1.2560478,adenocarcinoma
MIEF1,1.4012384,1.2645497,1.2473781,1.3043888,1.2473781,escamoso
SEMA3F,2.004173,1.2452723,1.3468581,1.5321012,1.2452723,escamoso
GNA14,-2.153384,-1.2443835,-1.448281,-1.6153494,1.2443835,adenocarcinoma
FAM181B,1.5913783,1.2442228,1.2481145,1.3612385,1.2442228,escamoso
TRIM16,1.5118389,1.2401747,1.2872679,1.3464273,1.2401747,escamoso
CPM,-2.191634,-1.4578296,-1.2385132,-1.6293255,1.2385132,adenocarcinoma
GPR39,-2.4585836,-1.2356416,-1.6087912,-1.7676722,1.2356416,adenocarcinoma
TFRC,2.5652053,1.3532732,1.2344943,1.7176576,1.2344943,escamoso
TJP3,-2.0837052,-1.3584564,-1.2333786,-1.5585133,1.2333786,adenocarcinoma
RFC4,2.0355034,1.2912598,1.2307899,1.5191845,1.2307899,escamoso
RHOU,-2.373995,-1.2288558,-1.6622261,-1.7550257,1.2288558,adenocarcinoma
PRPF4,1.4869057,1.2272444,1.2440159,1.3193886,1.2272444,escamoso
LOC101928100,2.2489765,1.2267416,2.2707694,1.9154959,1.2267416,escamoso
FAM107B,-2.2947323,-1.2252865,-1.8421253,-1.7873813,1.2252865,adenocarcinoma
SPRR1B,2.79657,1.2245528,1.9764587,1.9991938,1.2245528,escamoso
ATP11A,-2.2685223,-1.2230823,-1.7380452,-1.7432165,1.2230823,adenocarcinoma
SDK2,1.4601842,1.2223543,1.4076072,1.3633819,1.2223543,escamoso
GCLC,1.3046893,1.2201097,1.2916701,1.2721564,1.2201097,escamoso
BLMH,1.4492166,1.2264318,1.2187262,1.2981249,1.2187262,escamoso
SMO,1.503467,1.2183684,1.4804876,1.4007744,1.2183684,escamoso
GALNT10,-1.6654696,-1.2167966,-1.3096513,-1.3973058,1.2167966,adenocarcinoma
KCNK5,-2.2233305,-1.4714059,-1.2159829,-1.6369065,1.2159829,adenocarcinoma
STEAP4,-1.4844803,-1.2158079,-1.2321625,-1.3108169,1.2158079,adenocarcinoma
SH3KBP1,-1.7018813,-1.2820319,-1.2146857,-1.3995329,1.2146857,adenocarcinoma
ZFP64,2.260535,1.431127,1.2131183,1.6349268,1.2131183,escamoso
RAE1,1.5412102,1.3642101,1.2087191,1.3713799,1.2087191,escamoso
SLC4A11,1.6746253,1.2083819,1.2402349,1.374414,1.2083819,escamoso
MRPL47,2.027764,1.2066333,1.3741984,1.5361986,1.2066333,escamoso
ALDH3B1,-2.0590327,-1.2045879,-1.5307939,-1.5981382,1.2045879,adenocarcinoma
ERBB3,-1.4046285,-1.2045823,-1.2826225,-1.2972778,1.2045823,adenocarcinoma
LOC728554,1.5050604,1.2044344,1.4283193,1.3792714,1.2044344,escamoso
CEP19,2.3355064,1.2017968,1.8911787,1.809494,1.2017968,escamoso
FAM162A,1.7541999,1.2009991,1.4349983,1.463399,1.2009991,escamoso
NUDT1,1.6828042,1.200347,1.5782242,1.487125,1.200347,escamoso
HNF1B,-1.9558288,-1.2969074,-1.199066,-1.483934,1.199066,adenocarcinoma
HEY1,1.1975825,1.2499408,1.458479,1.3020006,1.1975825,escamoso
MBIP,-1.927355,-1.1955576,-1.3781639,-1.5003589,1.1955576,adenocarcinoma
CDCA4,1.9816554,1.1952972,1.2909204,1.4892911,1.1952972,escamoso
C17orf99,1.4830232,1.1947957,1.525048,1.4009556,1.1947957,escamoso
ERGIC1,-1.6259527,-1.2400815,-1.1946371,-1.3535571,1.1946371,adenocarcinoma
HAS3,1.4972878,1.1940416,1.9946152,1.5619816,1.1940416,escamoso
HPN,-1.8049616,-1.1935861,-1.3423027,-1.4469501,1.1935861,adenocarcinoma
CLDN1,2.0029252,1.4174806,1.1930318,1.5378126,1.1930318,escamoso
PAK7,1.4430968,1.1926583,1.3479862,1.3279138,1.1926583,escamoso
FERMT1,1.8566157,1.1908352,1.3992122,1.4822211,1.1908352,escamoso
RP11-285F7.2,-1.6931664,-1.1896138,-1.2788438,-1.387208,1.1896138,adenocarcinoma
MYO5C,-1.66053,-1.1881659,-1.3190792,-1.3892584,1.1881659,adenocarcinoma
PTP4A2,-2.061839,-1.1880494,-1.5391488,-1.5963458,1.1880494,adenocarcinoma
FAM13A,-1.9310654,-1.1875036,-1.6112462,-1.576605,1.1875036,adenocarcinoma
TFAP2A,1.9772482,1.2550178,1.1862252,1.4728304,1.1862252,escamoso
KRT18,-1.3564992,-1.1848402,-1.2842498,-1.2751964,1.1848402,adenocarcinoma
PTGFRN,1.9599651,1.3206174,1.1821821,1.4875883,1.1821821,escamoso
MGRN1,-1.8596088,-1.2404332,-1.1817971,-1.4272796,1.1817971,adenocarcinoma
BC034636,2.255379,1.180492,1.9482558,1.7947088,1.180492,escamoso
PPARGC1B,1.7900859,1.2515202,1.1802001,1.4072686,1.1802001,escamoso
FSCN1,2.4537768,1.2617816,1.1782689,1.6312758,1.1782689,escamoso
FOLR1,-1.7691165,-1.1781467,-1.8482263,-1.5984964,1.1781467,adenocarcinoma
MICAL3,1.7989691,1.1763251,1.2533311,1.4095417,1.1763251,escamoso
SESN3,1.9490635,1.1752018,2.2192664,1.7811772,1.1752018,escamoso
CNTNAP2,1.5130166,1.1747409,1.2017756,1.296511,1.1747409,escamoso
TNS4,2.2422516,1.3086116,1.172774,1.5745457,1.172774,escamoso
LMO3,-1.822488,-1.1724153,-1.1908821,-1.3952618,1.1724153,adenocarcinoma
FAM84A,1.6746436,1.1708819,1.8775026,1.5743427,1.1708819,escamoso
RGL3,-1.9684247,-1.1706469,-1.7085936,-1.6158882,1.1706469,adenocarcinoma
ZNF385A,1.7963873,1.1702306,1.3741361,1.446918,1.1702306,escamoso
ERRFI1,-1.25781,-1.168969,-1.292067,-1.2396153,1.168969,adenocarcinoma
ACKR3,2.0648792,1.1684779,1.3128002,1.5153856,1.1684779,escamoso
IGSF3,1.9282014,1.3579823,1.1671485,1.4844441,1.1671485,escamoso
TMPRSS4,1.258217,1.1658027,1.355272,1.259764,1.1658027,escamoso
PLEKHG3,2.0007658,1.1637427,1.903721,1.6894097,1.1637427,escamoso
EFS,1.6061532,1.1635704,1.4868648,1.4188628,1.1635704,escamoso
ADD2,1.1825935,1.163542,1.2056392,1.183925,1.163542,escamoso
RAPH1,-1.6306337,-1.1633418,-1.3904918,-1.3948225,1.1633418,adenocarcinoma
LSG1,2.2319105,1.1605532,1.6038291,1.665431,1.1605532,escamoso
RAB17,-2.2133205,-1.1598802,-1.8474622,-1.740221,1.1598802,adenocarcinoma
GJB2,1.9554935,1.159525,1.6931037,1.6027074,1.159525,escamoso
PCYT1B,1.33505,1.1591992,1.4318733,1.3087076,1.1591992,escamoso
RPS6KA2,-1.9061556,-1.1590004,-1.2370983,-1.4340848,1.1590004,adenocarcinoma
PON2,-1.6590135,-1.1588676,-1.3635764,-1.3938192,1.1588676,adenocarcinoma
MST1R,-1.3111573,-1.1861466,-1.1588172,-1.2187071,1.1588172,adenocarcinoma
CEL,1.2701334,1.2994955,1.1584144,1.242681,1.1584144,escamoso
ATP11B,2.4864464,1.1564208,2.3134608,1.9854426,1.1564208,escamoso
BAIAP2-AS1,-1.6326363,-1.1554883,-1.2431631,-1.3437625,1.1554883,adenocarcinoma
RASSF9,1.4471315,1.1521635,1.3665994,1.3219649,1.1521635,escamoso
FZD10,1.1509957,1.1801834,1.3760432,1.2357408,1.1509957,escamoso
P2RY1,2.1744535,1.1502757,1.956736,1.7604884,1.1502757,escamoso
IL20RB,1.2743527,1.1491716,1.2886378,1.2373873,1.1491716,escamoso
B3GNT5,2.0035567,1.148649,1.1621857,1.4381304,1.148649,escamoso
ZDHHC9,-1.701699,-1.2845366,-1.1472051,-1.3778137,1.1472051,adenocarcinoma
A4GALT,1.266564,1.4568934,1.1462314,1.2898962,1.1462314,escamoso
C9orf152,-1.7615211,-1.1448721,-1.1795642,-1.3619858,1.1448721,adenocarcinoma
AC079305.10,1.1533409,1.1448557,1.2220253,1.1734074,1.1448557,escamoso
POLR2H,1.4381449,1.144094,1.2099099,1.2640496,1.144094,escamoso
INPPL1,-1.8911448,-1.143554,-1.2044673,-1.4130554,1.143554,adenocarcinoma
DIRC3,1.3166196,1.1429323,1.2642319,1.2412612,1.1429323,escamoso
UFC1,-1.8510478,-1.1414069,-1.3957056,-1.46272,1.1414069,adenocarcinoma
LARP6,1.7633537,1.5129095,1.1396502,1.4719712,1.1396502,escamoso
EIF4G1,1.9097912,1.1395158,1.1933287,1.4142119,1.1395158,escamoso
IFI27L2,1.1394732,1.1592398,1.1542021,1.1509718,1.1394732,escamoso
CHCHD6,1.4671173,1.4309638,1.1387279,1.345603,1.1387279,escamoso
GPR133,-1.8167791,-1.1375753,-1.3994213,-1.4512585,1.1375753,adenocarcinoma
ARL4D,1.8911209,1.1375215,1.6225076,1.5503832,1.1375215,escamoso
BID,1.484698,1.258762,1.1372043,1.2935548,1.1372043,escamoso
AKR1C2,1.1367974,1.1517777,1.2661115,1.1848955,1.1367974,escamoso
ADM,2.3267112,1.1362906,1.6217319,1.6949111,1.1362906,escamoso
MAPKBP1,2.525549,1.134764,1.6698616,1.7767248,1.134764,escamoso
TET3,1.7914649,1.3051682,1.1343576,1.4103302,1.1343576,escamoso
DRG1,1.6043092,1.1339431,1.4846766,1.407643,1.1339431,escamoso
KIAA0930,1.6372191,1.3723952,1.1338413,1.3811518,1.1338413,escamoso
UBAC1,1.72369,1.131049,1.2513887,1.3687092,1.131049,escamoso
C3orf67,1.5305415,1.1307719,1.1767638,1.2793591,1.1307719,escamoso
SLC16A1,2.1973128,1.1880449,1.1298586,1.5050721,1.1298586,escamoso
CTSV,1.8797572,1.1284168,1.189019,1.3990644,1.1284168,escamoso
HR,1.8596153,1.473092,1.1284082,1.4870386,1.1284082,escamoso
TMEM150A,-1.9008207,-1.1277095,-1.2059959,-1.4115087,1.1277095,adenocarcinoma
RGMA,1.8809799,1.1274222,2.195907,1.7347698,1.1274222,escamoso
ECE2,1.9811616,1.1258479,1.3243743,1.4771279,1.1258479,escamoso
SENP5,2.3307862,1.1258421,2.0731962,1.8432747,1.1258421,escamoso
LTB4R,1.7143334,1.1254396,1.2944679,1.3780804,1.1254396,escamoso
JADE1,-1.9169619,-1.1253556,-1.4507084,-1.4976753,1.1253556,adenocarcinoma
LOC101928076,1.309238,1.1351423,1.1249475,1.189776,1.1249475,escamoso
IGF2BP2,1.7852615,1.124672,1.4196241,1.4431858,1.124672,escamoso
RMND5A,2.0673652,1.1236552,1.8850399,1.69202,1.1236552,escamoso
PPP2R2C,1.123361,1.2821918,1.1474204,1.1843244,1.123361,escamoso
EIF5A2,1.9748133,1.1207889,1.2804642,1.4586887,1.1207889,escamoso
ARL6IP5,-1.8295193,-1.1198766,-1.426214,-1.4585366,1.1198766,adenocarcinoma
ABCC3,-1.678816,-1.1190809,-1.1373018,-1.3117329,1.1190809,adenocarcinoma
CARD18,1.4507915,1.2008593,1.1188344,1.2568284,1.1188344,escamoso
TP53AIP1,1.4371837,1.1184574,1.3053422,1.2869945,1.1184574,escamoso
ACTL6A,1.9931315,1.1180279,1.286867,1.4660088,1.1180279,escamoso
FAM83D,1.851466,1.217076,1.1172836,1.3952751,1.1172836,escamoso
C5orf66-AS1,1.2045134,1.187819,1.1166867,1.1696731,1.1166867,escamoso
WFDC5,1.5626204,1.5343226,1.1158798,1.4042743,1.1158798,escamoso
LRRC8A,1.773324,1.1150007,1.2726947,1.3870064,1.1150007,escamoso
SLC34A2,-1.5600893,-1.4904813,-1.1146386,-1.3884029,1.1146386,adenocarcinoma
PNCK,1.5947807,1.1140684,1.7739378,1.4942622,1.1140684,escamoso
TLE2,-1.7645574,-1.1132896,-1.2330261,-1.3702911,1.1132896,adenocarcinoma
C12orf54,1.6189884,1.1124635,1.6098627,1.4471049,1.1124635,escamoso
NRG1,1.3980447,1.1124567,1.5347952,1.3484322,1.1124567,escamoso
GPR161,1.2268254,1.1121622,1.2758781,1.2049552,1.1121622,escamoso
LOC100996724,-1.3959731,-1.1113162,-1.3205204,-1.2759366,1.1113162,adenocarcinoma
TCTEX1D2,1.6821176,1.1109151,1.2340406,1.3423578,1.1109151,escamoso
ARNTL2,1.786455,1.1108545,1.3523159,1.4165417,1.1108545,escamoso
GINS2,1.4225875,1.1098907,1.2387716,1.2570833,1.1098907,escamoso
HOXD13,1.5068611,1.1969509,1.1076158,1.270476,1.1076158,escamoso
DPP4,-1.5830913,-1.1067382,-1.1993623,-1.2963972,1.1067382,adenocarcinoma
CDCA3,1.449388,1.1065311,1.1876689,1.2478627,1.1065311,escamoso
SREBF2,1.401679,1.23896,1.1063231,1.2489873,1.1063231,escamoso
FANCI,1.9720579,1.1890229,1.1059511,1.4223439,1.1059511,escamoso
CGB7,1.3686599,1.1035162,1.2915336,1.2545699,1.1035162,escamoso
CYP4F11,1.1466422,1.2048893,1.1020958,1.1512091,1.1020958,escamoso
GPI,1.4910862,1.0970951,1.5027146,1.3636321,1.0970951,escamoso
SOX2-OT,1.479764,1.0970205,1.4542915,1.343692,1.0970205,escamoso
GABRR1,1.367397,1.0956211,1.3330784,1.2653655,1.0956211,escamoso
SHOX2,1.778086,1.0949141,1.0998495,1.3242832,1.0949141,escamoso
CITED2,-1.363317,-1.0945756,-1.340279,-1.2660571,1.0945756,adenocarcinoma
FOXL2,1.3481485,1.2733177,1.0939502,1.2384721,1.0939502,escamoso
CD109,2.1243432,1.2527833,1.0936992,1.4902753,1.0936992,escamoso
TRPV4,2.0518148,1.295443,1.0927732,1.4800104,1.0927732,escamoso
NKAIN2,1.1626943,1.0917296,1.55529,1.2699047,1.0917296,escamoso
CDC45,1.9311855,1.3262562,1.0916853,1.4497089,1.0916853,escamoso
RBM19,1.1236278,1.0910926,1.1218785,1.1121997,1.0910926,escamoso
NCAPD2,1.7602581,1.0904497,1.2169838,1.3558973,1.0904497,escamoso
PLEKHA6,-1.6651456,-1.0901101,-1.5488505,-1.434702,1.0901101,adenocarcinoma
KEAP1,1.3858627,1.0895035,1.1829364,1.2194341,1.0895035,escamoso
IPPK,2.2314463,1.0893241,1.3800496,1.56694,1.0893241,escamoso
RAB27A,-1.7574583,-1.0890827,-1.4555852,-1.434042,1.0890827,adenocarcinoma
PRC1,1.6735736,1.0883998,1.1082354,1.2900696,1.0883998,escamoso
RP11-1L12.3,1.6704435,1.0879565,1.8850635,1.5478212,1.0879565,escamoso
ZNF254,-1.482407,-1.0860249,-1.1698257,-1.2460858,1.0860249,adenocarcinoma
OIP5,1.6956707,1.0859295,1.1421996,1.3079333,1.0859295,escamoso
CDCA5,1.4652593,1.135875,1.0849744,1.2287029,1.0849744,escamoso
LYSMD4,2.100339,1.4045426,1.084192,1.5296911,1.084192,escamoso
MIR3658,1.5233735,1.2127166,1.0837646,1.2732849,1.0837646,escamoso
C1orf210,-1.5512503,-1.083716,-1.1980038,-1.2776567,1.083716,adenocarcinoma
VSTM2L,-1.4002824,-1.0821636,-1.2434534,-1.2419664,1.0821636,adenocarcinoma
FJX1,2.0773602,1.0818484,1.1155432,1.4249172,1.0818484,escamoso
TTL,1.9302956,1.0816286,1.1517599,1.3878946,1.0816286,escamoso
STS,-1.286273,-1.081317,-1.3550116,-1.2408671,1.081317,adenocarcinoma
CDK6,1.9105428,1.0803521,1.2565199,1.4158049,1.0803521,escamoso
CEBPG,1.5845512,1.0802346,1.8305337,1.4984398,1.0802346,escamoso
CDK5R1,1.911939,1.0797431,1.3169042,1.4361954,1.0797431,escamoso
SNAI2,2.5969312,1.0791948,1.3736196,1.6832485,1.0791948,escamoso
FBL,1.0788809,1.0929849,1.3904413,1.1874357,1.0788809,escamoso
ARHGAP29,-1.6139109,-1.190461,-1.0786601,-1.294344,1.0786601,adenocarcinoma
FAM149A,-1.5285583,-1.1980468,-1.0786159,-1.268407,1.0786159,adenocarcinoma
TMEM50B,-1.4264798,-1.0786134,-1.1457202,-1.2169378,1.0786134,adenocarcinoma
SOWAHC,2.011008,1.0781984,1.4273093,1.5055052,1.0781984,escamoso
SLC44A3,-1.5689547,-1.1490349,-1.0780697,-1.2653531,1.0780697,adenocarcinoma
HS6ST1,1.5323195,1.077594,1.2444922,1.284802,1.077594,escamoso
KRTAP19-1,1.2938882,1.1232445,1.0750765,1.1640698,1.0750765,escamoso
CACNA1B,1.4270079,1.0740204,1.6859807,1.3956696,1.0740204,escamoso
FBP1,-1.7730503,-1.0907301,-1.0730772,-1.3122859,1.0730772,adenocarcinoma
EMB,-1.5853575,-1.0730468,-1.2274991,-1.2953011,1.0730468,adenocarcinoma
CCDC85C,1.4985869,1.072883,1.0780877,1.2165192,1.072883,escamoso
SYNE4,-1.1091492,-1.0728248,-1.1294217,-1.1037985,1.0728248,adenocarcinoma
RTCB,1.3555483,1.1193906,1.0727754,1.1825714,1.0727754,escamoso
TMEM79,1.889603,1.438646,1.0725188,1.4669226,1.0725188,escamoso
GALM,-2.2990658,-1.4784107,-1.071067,-1.6161813,1.071067,adenocarcinoma
GPR116,-1.8447045,-1.3257856,-1.0707301,-1.4137402,1.0707301,adenocarcinoma
RGS8,-1.5489615,-1.0706093,-1.3768488,-1.3321398,1.0706093,adenocarcinoma
ZIC2,1.8272573,1.299036,1.0705706,1.3989545,1.0705706,escamoso
TOX3,-2.1382518,-1.070436,-1.625377,-1.611355,1.070436,adenocarcinoma
TOMM22,1.5706738,1.3121407,1.0703139,1.3177094,1.0703139,escamoso
TMEM158,2.1345448,1.2435479,1.0700393,1.4827107,1.0700393,escamoso
LINC00520,1.2111899,1.1681727,1.0696895,1.1496841,1.0696895,escamoso
HK2,1.6711317,1.0696563,1.4768333,1.4058738,1.0696563,escamoso
FAM105A,-1.4661764,-1.0695417,-1.0752503,-1.2036561,1.0695417,adenocarcinoma
LIFR,-1.2893009,-1.0691698,-1.111109,-1.1565266,1.0691698,adenocarcinoma
MRPS12,1.0945364,1.0689156,1.1213925,1.0949482,1.0689156,escamoso
NGRN,1.3082433,1.0688862,1.1772867,1.1848054,1.0688862,escamoso
TMPRSS2,-1.3734262,-1.1367329,-1.068643,-1.192934,1.068643,adenocarcinoma
EPB41L5,-1.6254902,-1.068631,-1.1422716,-1.2787976,1.068631,adenocarcinoma
GTSE1,1.5343498,1.067986,1.1699997,1.2574452,1.067986,escamoso
NDNF,-1.5732338,-1.0659075,-1.1808105,-1.2733172,1.0659075,adenocarcinoma
GJB3,2.4102778,1.2874551,1.0650737,1.5876023,1.0650737,escamoso
POLQ,1.9173237,1.064445,1.2385603,1.4067763,1.064445,escamoso
MGME1,1.7001544,1.0638679,1.2669852,1.3436693,1.0638679,escamoso
PCSK9,1.3697006,1.2207832,1.0632291,1.2179042,1.0632291,escamoso
EPHB3,1.3924901,1.0766395,1.0629903,1.1773733,1.0629903,escamoso
KCNQ3,-1.4354577,-1.0624802,-1.1192412,-1.2057264,1.0624802,adenocarcinoma
NDUFB5,1.8196057,1.0608206,1.6445626,1.5083297,1.0608206,escamoso
IGFL1,1.400099,1.0598009,1.0851437,1.1816812,1.0598009,escamoso
ALDH3A1,1.4697845,1.0594254,1.8046728,1.4446276,1.0594254,escamoso
FNBP1L,-1.804995,-1.058076,-1.5138922,-1.4589877,1.058076,adenocarcinoma
PRSS8,-1.4523476,-1.0562888,-1.2161766,-1.2416043,1.0562888,adenocarcinoma
H2AFY2,1.3980318,1.0557404,1.7001579,1.3846432,1.0557404,escamoso
C1orf116,-1.0553489,-1.0961474,-1.1632078,-1.1049014,1.0553489,adenocarcinoma
PSAT1,1.8931508,1.0550402,1.1099291,1.3527068,1.0550402,escamoso
ADCY10,1.1832397,1.3063592,1.0539261,1.1811749,1.0539261,escamoso
LOC101928830,-1.9452565,-1.0536546,-1.0919539,-1.3636216,1.0536546,adenocarcinoma
WASF1,1.5185733,1.0991344,1.0525155,1.2234077,1.0525155,escamoso
TESC,-1.9183145,-1.0516274,-1.201036,-1.3903259,1.0516274,adenocarcinoma
ZBTB7C,1.789085,1.0511502,1.6400737,1.4934363,1.0511502,escamoso
DNAJC19,1.4414095,1.0508838,1.4948794,1.3290576,1.0508838,escamoso
CENPM,1.7248442,1.3156174,1.0504931,1.3636516,1.0504931,escamoso
SHROOM3,-1.8185658,-1.0502161,-1.5174898,-1.4620906,1.0502161,adenocarcinoma
MMP10,1.6278652,1.1389859,1.0501815,1.2723441,1.0501815,escamoso
KLC3,1.7727295,1.1018223,1.0492629,1.3079382,1.0492629,escamoso
EIF4EBP1,1.2872349,1.0488101,1.1454282,1.1604911,1.0488101,escamoso
PIR,1.0483183,1.1273592,1.4931672,1.2229482,1.0483183,escamoso
CYP2B6,-1.7230635,-1.0481248,-1.1070625,-1.2927502,1.0481248,adenocarcinoma
VANGL2,1.8072283,1.3482511,1.0467328,1.4007374,1.0467328,escamoso
VDAC2,1.6684855,1.045996,1.5347867,1.4164227,1.045996,escamoso
LINC00626,1.04561,1.273353,1.1375136,1.1521589,1.04561,escamoso
ARSD,-1.5508556,-1.0450598,-1.1616471,-1.2525208,1.0450598,adenocarcinoma
RHOBTB2,-1.765652,-1.0445384,-1.3386508,-1.382947,1.0445384,adenocarcinoma
TGM1,1.6402053,1.0443958,1.5127689,1.3991233,1.0443958,escamoso
SLAIN1,-2.1825073,-1.044281,-1.2500885,-1.4922923,1.044281,adenocarcinoma
LYPD6B,1.0442756,1.4108833,1.0580759,1.1710783,1.0442756,escamoso
ICAM1,-1.2152673,-1.1196246,-1.0441594,-1.1263504,1.0441594,adenocarcinoma
SGMS2,-1.7447076,-1.0440104,-1.5345414,-1.4410864,1.0440104,adenocarcinoma
HMGCS1,2.0356607,1.0439364,1.5840167,1.5545379,1.0439364,escamoso
CCDC86,1.5726292,1.0431306,1.1613154,1.2590251,1.0431306,escamoso
FOXM1,1.7158358,1.0421538,1.1561418,1.3047105,1.0421538,escamoso
C15orf41,2.1599991,1.0414021,1.2830977,1.494833,1.0414021,escamoso
IRX4,1.2786195,1.2044551,1.0398991,1.1743246,1.0398991,escamoso
TWIST1,1.7508411,1.039048,1.0667044,1.2855312,1.039048,escamoso
TSPAN13,-1.4468812,-1.0387751,-1.2642343,-1.2499635,1.0387751,adenocarcinoma
TMEM45B,-1.7157825,-1.0382922,-1.4712827,-1.4084524,1.0382922,adenocarcinoma
PGM2,2.4208007,1.0382154,1.7056477,1.7215546,1.0382154,escamoso
LOC100506870,1.1655838,1.0627289,1.0379078,1.0887402,1.0379078,escamoso
PADI3,1.1917102,1.0462792,1.0379007,1.0919634,1.0379007,escamoso
IGFBP2,1.037416,1.3091666,1.2974958,1.2146927,1.037416,escamoso
NDRG1,1.5302848,1.0369315,1.3491398,1.305452,1.0369315,escamoso
LCE3D,1.2254053,1.0365521,1.1193331,1.1270968,1.0365521,escamoso
MPPED1,1.1276059,1.0364445,1.0687395,1.0775967,1.0364445,escamoso
TMEM92,-1.4297845,-1.0361024,-1.5216165,-1.3291678,1.0361024,adenocarcinoma
BIRC5,1.566172,1.0940406,1.0355316,1.2319146,1.0355316,escamoso
MYO6,-1.449154,-1.0352824,-1.1111971,-1.1985445,1.0352824,adenocarcinoma
ITGA6,2.464953,1.2549176,1.0350944,1.5849882,1.0350944,escamoso
PHLDB2,1.9424613,1.0348544,1.2890177,1.4221112,1.0348544,escamoso
TBPL1,1.6531042,1.0338247,1.3262732,1.3377339,1.0338247,escamoso
MCC,2.0925133,1.0332414,1.1779519,1.4345689,1.0332414,escamoso
FYCO1,-1.1336455,-1.0295886,-1.5530101,-1.2387481,1.0295886,adenocarcinoma
CMSS1,1.7370378,1.0293998,1.112889,1.2931088,1.0293998,escamoso
DNALI1,-2.3382442,-1.0290104,-1.2119457,-1.5264001,1.0290104,adenocarcinoma
CDC25A,1.5364963,1.0288112,1.2864357,1.2839144,1.0288112,escamoso
LOC730101,1.0955074,1.0282786,1.2471992,1.1236616,1.0282786,escamoso
STK32A,-1.6968188,-1.0767903,-1.0279969,-1.267202,1.0279969,adenocarcinoma
DHCR7,1.3915431,1.0278968,1.1528769,1.1907722,1.0278968,escamoso
IGSF9,1.6607828,1.0266199,1.0988204,1.2620744,1.0266199,escamoso
STARD5,1.7196707,1.3521769,1.0262102,1.3660192,1.0262102,escamoso
SOSTDC1,1.8171321,1.025915,1.0669882,1.3033451,1.025915,escamoso
SOGA1,1.3259029,1.0236984,1.3927488,1.24745,1.0236984,escamoso
IL36G,1.8989407,1.0233691,1.3354787,1.4192629,1.0233691,escamoso
NINJ2,-1.6813365,-1.0232213,-1.5954429,-1.4333335,1.0232213,adenocarcinoma
SKP2,2.3201509,1.2019833,1.0229722,1.5150355,1.0229722,escamoso
CISH,-1.1997998,-1.0225879,-1.0380392,-1.086809,1.0225879,adenocarcinoma
FAM43A,1.8566483,1.3454474,1.0221548,1.4080836,1.0221548,escamoso
FAM212A,2.2515597,1.022121,1.4658517,1.5798441,1.022121,escamoso
SLC16A4,-1.8954134,-1.0220364,-1.1773976,-1.3649492,1.0220364,adenocarcinoma
COL4A4,-1.6975291,-1.1253194,-1.0217656,-1.281538,1.0217656,adenocarcinoma
PBXIP1,-1.8125443,-1.0214474,-1.6483966,-1.4941295,1.0214474,adenocarcinoma
CCNB2,1.6091692,1.0208005,1.1894594,1.2731429,1.0208005,escamoso
ARHGAP44,-1.5019687,-1.0203828,-1.3104615,-1.2776043,1.0203828,adenocarcinoma
IL6ST,-1.5553864,-1.0186167,-1.1452477,-1.2397503,1.0186167,adenocarcinoma
MVP,-1.5705774,-1.0182164,-1.1418667,-1.2435535,1.0182164,adenocarcinoma
CAPN2,-1.1788415,-1.2688007,-1.0176758,-1.1551061,1.0176758,adenocarcinoma
RFC5,1.101659,1.148528,1.0170423,1.0890764,1.0170423,escamoso
LINC00668,1.5064113,1.0157049,1.3451022,1.2890729,1.0157049,escamoso
CC2D1B,-1.3476212,-1.0154248,-1.1330743,-1.1653734,1.0154248,adenocarcinoma
CD302,-1.8553418,-1.0147597,-1.1992732,-1.3564582,1.0147597,adenocarcinoma
LLGL2,-1.6876291,-1.0146003,-1.1774071,-1.2932123,1.0146003,adenocarcinoma
FETUB,1.3019098,1.0298076,1.0144745,1.1153973,1.0144745,escamoso
C16orf89,-1.5512975,-1.1467302,-1.0137892,-1.2372723,1.0137892,adenocarcinoma
TMEM53,-1.7361073,-1.0137222,-1.3080872,-1.3526388,1.0137222,adenocarcinoma
KRT33A,1.2814497,1.0133535,1.2290368,1.1746134,1.0133535,escamoso
SGK1,1.4367824,1.0124263,1.0518953,1.1670346,1.0124263,escamoso
TSPAN12,-1.7371854,-1.0175217,-1.012284,-1.2556638,1.012284,adenocarcinoma
CYP4F2,1.0804579,1.3606647,1.0121602,1.1510943,1.0121602,escamoso
AHCYL2,-1.5746887,-1.0115863,-1.2486411,-1.2783054,1.0115863,adenocarcinoma
SAMM50,1.2768176,1.0461551,1.0107011,1.1112247,1.0107011,escamoso
TMEM192,-1.6468712,-1.0106937,-1.2457902,-1.3011184,1.0106937,adenocarcinoma
KDR,-1.3058108,-1.0603547,-1.0106574,-1.1256076,1.0106574,adenocarcinoma
ORC6,1.7368009,1.010539,1.5970029,1.4481143,1.010539,escamoso
FBXO27,1.010529,1.2617804,1.7414623,1.3379239,1.010529,escamoso
TMEM62,-1.8924793,-1.0101455,-1.1784974,-1.3603741,1.0101455,adenocarcinoma
INO80C,1.0588988,1.0605168,1.0098041,1.0430733,1.0098041,escamoso
GFOD1,1.8328947,1.0095534,1.5180172,1.4534885,1.0095534,escamoso
CENPA,1.6238077,1.093282,1.0090997,1.2420632,1.0090997,escamoso
TROAP,1.5348359,1.0089146,1.2071016,1.2502841,1.0089146,escamoso
RPH3AL,-1.5740428,-1.18884,-1.0087957,-1.2572261,1.0087957,adenocarcinoma
MTCL1,1.7088665,1.0083662,1.2210674,1.3127667,1.0083662,escamoso
CXXC5,-1.7724979,-1.0820392,-1.007688,-1.2874084,1.007688,adenocarcinoma
RP11-38P22.2,2.4105306,1.0076038,2.3820515,1.9333953,1.0076038,escamoso
MCM5,1.7562897,1.1498609,1.0063715,1.3041741,1.0063715,escamoso
PPIF,2.0934002,1.1926072,1.006166,1.4307245,1.006166,escamoso
EFCAB4A,-1.5321679,-1.0057089,-1.2780787,-1.2719852,1.0057089,adenocarcinoma
NIPAL4,1.4201235,1.0719696,1.0055282,1.1658738,1.0055282,escamoso
FAM131A,1.331866,1.0054098,1.1847035,1.1739931,1.0054098,escamoso
CCND3,-1.2403867,-1.0045395,-1.2190211,-1.1546491,1.0045395,adenocarcinoma
KLHL42,1.5484749,1.0043837,1.0955673,1.216142,1.0043837,escamoso
ABHD14A,-1.502284,-1.0042748,-1.4081228,-1.3048939,1.0042748,adenocarcinoma
PLS1,-1.844675,-1.0627236,-1.0042275,-1.3038754,1.0042275,adenocarcinoma
SOAT1,-2.1262426,-1.1418753,-1.0039145,-1.4240108,1.0039145,adenocarcinoma
SORBS2,-1.603993,-1.0029637,-1.0903485,-1.2324351,1.0029637,adenocarcinoma
CLDN20,1.0024482,1.0137683,1.1152754,1.0438306,1.0024482,escamoso
FOXRED2,1.021583,1.0023319,1.0303055,1.0180734,1.0023319,escamoso
ITGA9,-1.5072228,-1.1907086,-1.0022846,-1.2334052,1.0022846,adenocarcinoma
KRT31,1.4877436,1.0021013,1.2223324,1.2373924,1.0021013,escamoso
ATP5G3,1.2128303,1.1672312,1.0016396,1.1272337,1.0016396,escamoso
DUSP6,-1.0015979,-1.233246,-1.0485027,-1.0944488,1.0015979,adenocarcinoma
UST,1.4163235,1.0013003,1.8831232,1.4335823,1.0013003,escamoso
CYP2B7P,-1.5508494,-1.0636503,-1.0012547,-1.2052513,1.0012547,adenocarcinoma
KIF13B,-1.8868178,-0.99969935,-1.3096061,-1.3987077,0.99969935,adenocarcinoma
NAPSA,-1.7103252,-1.2739741,-0.99948335,-1.3279275,0.99948335,adenocarcinoma
SLC22A31,-1.7386245,-1.1057806,-0.998642,-1.2810158,0.998642,adenocarcinoma
REEP4,1.9050194,1.2094421,0.99819887,1.3708868,0.99819887,escamoso
MGLL,-1.4271357,-0.99807644,-1.1072994,-1.177504,0.99807644,adenocarcinoma
FBN2,1.6155925,0.99722666,1.5876377,1.4001522,0.99722666,escamoso
LOC102724229,-1.3614416,-0.9969582,-1.182919,-1.1804396,0.9969582,adenocarcinoma
LOC101927093,1.2252858,1.1330315,0.99625164,1.1181897,0.99625164,escamoso
CD47,-0.99567807,-1.0399538,-1.1007206,-1.0454508,0.99567807,adenocarcinoma
STAP2,1.0938432,0.99483293,1.2448624,1.1111795,0.99483293,escamoso
HDGFRP3,1.5498013,0.9944793,1.2916038,1.2786281,0.9944793,escamoso
SLC1A4,1.4339985,0.9943955,1.1864117,1.2049352,0.9943955,escamoso
RAP2B,1.8722935,0.994173,1.2113452,1.3592706,0.994173,escamoso
SDC4,-1.4325172,-0.99186975,-1.2372324,-1.2205398,0.99186975,adenocarcinoma
NRP1,-1.5734004,-1.2004824,-0.99112284,-1.2550019,0.99112284,adenocarcinoma
GLI2,1.1669532,0.9907677,1.0872496,1.0816569,0.9907677,escamoso
FAM168B,1.0557327,0.98935235,1.1322777,1.0591209,0.98935235,escamoso
CKMT1A,1.6276908,0.9892729,1.3261755,1.3143797,0.9892729,escamoso
TMEM189,0.98899627,1.0602256,1.0891656,1.0461292,0.98899627,escamoso
ERMP1,1.2184088,0.9885782,0.9999293,1.0689721,0.9885782,escamoso
CECR5,1.4061308,0.9883567,1.1274734,1.1739869,0.9883567,escamoso
SSR2,-1.3637451,-0.98813146,-1.0944164,-1.1487643,0.98813146,adenocarcinoma
GPR126,-0.9868216,-1.0731425,-1.3294247,-1.1297964,0.9868216,adenocarcinoma
ATP8A1,-1.8146528,-0.9863924,-1.2780992,-1.3597149,0.9863924,adenocarcinoma
RNASE4,-1.6456122,-0.98638475,-1.3379723,-1.3233231,0.98638475,adenocarcinoma
ZNF703,1.3701031,1.0531124,0.98632634,1.1365138,0.98632634,escamoso
TTC39A,-1.265387,-0.98597914,-1.3378053,-1.1963905,0.98597914,adenocarcinoma
SQLE,1.251746,0.98564744,1.1471312,1.1281749,0.98564744,escamoso
GRAMD2,-1.5223018,-0.98553395,-1.0213817,-1.1764059,0.98553395,adenocarcinoma
DGKA,2.3189082,1.2982752,0.9854293,1.5342041,0.9854293,escamoso
CSNK1G1,1.5105692,0.98523974,1.5212679,1.3390256,0.98523974,escamoso
PAFAH2,-1.7750216,-0.9845213,-1.0448732,-1.2681388,0.9845213,adenocarcinoma
LINC01206,0.9840378,1.1900867,1.0220114,1.0653787,0.9840378,escamoso
NCS1,2.3777072,1.0109268,0.98368114,1.4574385,0.98368114,escamoso
RFTN1,-1.5568609,-1.1061685,-0.9827937,-1.2152743,0.9827937,adenocarcinoma
SPINK1,-1.5575566,-0.9825999,-1.1449076,-1.2283548,0.9825999,adenocarcinoma
FZD7,1.4579899,0.98213196,1.5413556,1.3271592,0.98213196,escamoso
EMC8,0.9819062,1.0579532,0.99075496,1.0102048,0.9819062,escamoso
METTL8,1.885362,0.98164463,1.5432974,1.4701014,0.98164463,escamoso
UNC5CL,-1.3685902,-0.9811387,-1.0011812,-1.1169701,0.9811387,adenocarcinoma
AHCY,0.9913052,0.9810016,0.9900049,0.98743725,0.9810016,escamoso
ENPP4,-2.699116,-0.9800851,-1.6438578,-1.774353,0.9800851,adenocarcinoma
LOC100129034,-1.843459,-1.1732852,-0.97979337,-1.3321792,0.97979337,adenocarcinoma
MPHOSPH6,1.8055357,0.97938645,1.4031295,1.3960172,0.97938645,escamoso
COX5A,0.9786774,1.0131776,1.1447874,1.0455475,0.9786774,escamoso
SPC25,1.4801973,0.99402666,0.9784949,1.1509063,0.9784949,escamoso
UNG,1.2841027,0.9784293,1.1235825,1.1287049,0.9784293,escamoso
HAP1,1.3768744,1.042735,0.9783753,1.1326617,0.9783753,escamoso
ATF6,-1.5053463,-0.9776704,-1.0707235,-1.1845801,0.9776704,adenocarcinoma
LONRF3,-2.0584645,-0.9773985,-1.0960544,-1.3773059,0.9773985,adenocarcinoma
C1orf110,1.0568769,0.9771934,1.442914,1.1589948,0.9771934,escamoso
PRKX,1.7774049,0.97713834,1.5681187,1.4408873,0.97713834,escamoso
BTBD9,-1.399784,-0.9759749,-1.1999124,-1.1918904,0.9759749,adenocarcinoma
PLCH1,-1.7480984,-1.0571117,-0.9759633,-1.2603911,0.9759633,adenocarcinoma
PLEKHB1,-2.22777,-0.97551334,-1.3981156,-1.5337996,0.97551334,adenocarcinoma
SH3BGRL2,-1.845051,-0.97545034,-1.1983443,-1.3396152,0.97545034,adenocarcinoma
CYP4F3,1.1721797,1.2129542,0.97477555,1.1199697,0.97477555,escamoso
LRBA,-1.6525472,-0.973934,-1.507428,-1.3779697,0.973934,adenocarcinoma
STC2,1.5264935,0.97392553,1.3114439,1.270621,0.97392553,escamoso
CLDN7,-1.0551045,-0.9739125,-0.98974967,-1.0062555,0.9739125,adenocarcinoma
SH3BP1,1.8228085,0.9738415,1.0867676,1.2944726,0.9738415,escamoso
EFNB1,2.0022163,0.97379005,1.0107017,1.3289027,0.97379005,escamoso
SPATA6,-1.2668195,-0.9729551,-1.0121298,-1.0839682,0.9729551,adenocarcinoma
NXT1,1.202456,0.9727123,1.26809,1.1477528,0.9727123,escamoso
BCL2L15,-1.4475484,-1.0947114,-0.9724714,-1.1715771,0.9724714,adenocarcinoma
BC027448,1.7621287,1.4992872,0.9720731,1.411163,0.9720731,escamoso
DLK2,2.0130618,0.9717959,1.5883601,1.5244058,0.9717959,escamoso
C12orf56,1.5751307,0.9706348,1.0688511,1.2048721,0.9706348,escamoso
GLOD5,-1.8530023,-0.97032964,-1.2060766,-1.3431362,0.97032964,adenocarcinoma
PAM,-1.5700514,-0.9701577,-1.3085916,-1.2829336,0.9701577,adenocarcinoma
PTTG1IP,-1.3246014,-1.2310357,-0.9700924,-1.1752433,0.9700924,adenocarcinoma
SLC41A2,-2.204979,-0.96955603,-1.5301151,-1.5682167,0.96955603,adenocarcinoma
SNCA,1.9155687,1.1142673,0.96945393,1.3330966,0.96945393,escamoso
STPG1,1.5371104,0.9682242,1.1703825,1.225239,0.9682242,escamoso
NSG1,1.7756635,1.3212259,0.9681748,1.3550215,0.9681748,escamoso
ASB2,1.0438793,0.9680109,1.0343268,1.0154057,0.9680109,escamoso
ATG4D,1.7312425,0.9678677,1.733837,1.4776491,0.9678677,escamoso
MRPL36,1.2605731,1.0804938,0.96665835,1.1025751,0.96665835,escamoso
ZNF639,1.9266632,0.9642733,1.7968117,1.5625826,0.9642733,escamoso
FAM174B,-1.8253984,-1.0385257,-0.9637776,-1.2759005,0.9637776,adenocarcinoma
KRT17P5,1.5528446,0.9631173,1.5798329,1.3652649,0.9631173,escamoso
GDPD1,-1.7181597,-0.9628256,-1.1302817,-1.2704223,0.9628256,adenocarcinoma
FAXDC2,-1.3231272,-0.96274066,-1.3191555,-1.2016743,0.96274066,adenocarcinoma
FEZ1,1.359258,0.9626689,1.0338864,1.1186045,0.9626689,escamoso
SUCLG2,-1.8919625,-0.96243954,-1.3979748,-1.417459,0.96243954,adenocarcinoma
PTPRE,-1.4733801,-0.96241707,-1.2897224,-1.2418399,0.96241707,adenocarcinoma
MRPS11,1.1584017,0.96233404,0.98863,1.0364553,0.96233404,escamoso
AF279780,2.10145,0.9614082,1.538068,1.5336422,0.9614082,escamoso
KLF5,1.2224213,0.96093637,1.3045682,1.162642,0.96093637,escamoso
DTL,1.5974737,0.9600952,1.0545349,1.2040347,0.9600952,escamoso
PLCH2,1.3360808,0.95993483,1.1045564,1.1335241,0.95993483,escamoso
TMEM44,1.4207842,0.95951474,1.1253718,1.168557,0.95951474,escamoso
TMC4,-1.3308933,-0.9583544,-0.9653096,-1.0848525,0.9583544,adenocarcinoma
NAA20,1.267318,0.95811546,1.1840143,1.1364826,0.95811546,escamoso
WFDC2,-1.2857541,-0.9577828,-1.079022,-1.1075196,0.9577828,adenocarcinoma
C15orf61,1.0964588,0.9571974,0.9729508,1.008869,0.9571974,escamoso
HSD17B11,-1.9712464,-0.9569298,-1.3989524,-1.4423761,0.9569298,adenocarcinoma
ERVMER34-1,1.2338649,0.9568921,1.0618544,1.0842038,0.9568921,escamoso
BDH1,1.8218713,0.9567484,1.2462088,1.3416095,0.9567484,escamoso
UBL7-AS1,1.3992523,0.9561594,1.2106837,1.1886984,0.9561594,escamoso
SYTL3,-1.3349388,-1.0417366,-0.9561192,-1.1109315,0.9561192,adenocarcinoma
HAGLROS,1.6999483,0.9559267,1.3546414,1.3368387,0.9559267,escamoso
ENPP5,-1.8821397,-0.95551264,-1.3962485,-1.4113002,0.95551264,adenocarcinoma
FAM57A,1.4363321,0.9548164,1.2129705,1.201373,0.9548164,escamoso
UBE2S,1.7619412,1.2371057,0.9525795,1.3172088,0.9525795,escamoso
GALE,-1.3537996,-0.952565,-1.8191413,-1.3751687,0.952565,adenocarcinoma
NR3C2,-1.6429762,-1.0417379,-0.95186114,-1.2121917,0.95186114,adenocarcinoma
SLCO2A1,-0.9513522,-0.9936602,-1.0653517,-1.0034547,0.9513522,adenocarcinoma
GPNMB,1.3925657,0.9508401,1.6015702,1.314992,0.9508401,escamoso
ELP4,1.0722057,0.9500528,1.0255271,1.0159286,0.9500528,escamoso
ARHGDIB,-1.4553003,-0.94837475,-1.0599079,-1.1545277,0.94837475,adenocarcinoma
MIA3,-1.369594,-0.9483603,-1.1402118,-1.152722,0.9483603,adenocarcinoma
ME3,-2.076338,-0.9483227,-1.4465299,-1.4903969,0.9483227,adenocarcinoma
SEMA6D,1.2069553,0.9479941,1.2506063,1.1351852,0.9479941,escamoso
WSB1,-1.4497308,-0.94769704,-1.108761,-1.1687297,0.94769704,adenocarcinoma
LINC01127,1.0186069,0.94757473,1.1057143,1.0239654,0.94757473,escamoso
SH3RF2,1.7582594,0.947079,1.8205074,1.5086154,0.947079,escamoso
PDK4,-1.2951866,-0.9468349,-1.1578126,-1.133278,0.9468349,adenocarcinoma
ACAP2,2.729398,0.9448228,2.285552,1.986591,0.9448228,escamoso
TGFBR2,-1.5939887,-0.9445246,-1.0048075,-1.1811069,0.9445246,adenocarcinoma
GOT2,1.381425,0.9444394,1.7767531,1.367539,0.9444394,escamoso
SUOX,-1.5505698,-1.0161222,-0.9441796,-1.1702905,0.9441796,adenocarcinoma
DDX39A,1.6275271,1.013072,0.94387764,1.1948256,0.94387764,escamoso
GAPDH,1.7813804,0.94383144,0.95392025,1.2263774,0.94383144,escamoso
RNF126,1.8055024,1.2765514,0.9436464,1.3419,0.9436464,escamoso
NUP50,1.8035905,1.0354049,0.9432527,1.2607493,0.9432527,escamoso
SBF2-AS1,0.9421915,1.0166026,1.1853855,1.0480598,0.9421915,escamoso
ALDH7A1,-1.1736646,-0.94150877,-1.5335344,-1.216236,0.94150877,adenocarcinoma
LOC349160,1.5357603,0.9414623,1.4653686,1.3141971,0.9414623,escamoso
ASAH1,-1.9708818,-0.9414072,-1.1376381,-1.3499757,0.9414072,adenocarcinoma
SLCO3A1,1.2012461,0.941328,1.3746285,1.1724008,0.941328,escamoso
CHEK2,1.3646739,0.94095314,1.1023,1.1359757,0.94095314,escamoso
AUNIP,1.62861,0.99172986,0.9406258,1.1869885,0.9406258,escamoso
FHOD1,-1.4510467,-1.1980474,-0.9392716,-1.1961219,0.9392716,adenocarcinoma
CCNJL,-1.9107095,-1.3329722,-0.9383848,-1.3940221,0.9383848,adenocarcinoma
GJA3,1.4960587,1.0299549,0.9382003,1.154738,0.9382003,escamoso
FOLH1,0.99509984,0.93778896,1.1309466,1.0212785,0.93778896,escamoso
KLRG2,1.4814597,0.9372093,1.174081,1.1975833,0.9372093,escamoso
PTS,1.1131936,0.93669313,0.9786197,1.009502,0.93669313,escamoso
CYB561,-1.2589736,-0.98047554,-0.9362387,-1.0585626,0.9362387,adenocarcinoma
FRMD6,2.413921,0.9358925,1.9379454,1.7625862,0.9358925,escamoso
PLEKHG6,1.4935341,1.0241328,0.93585473,1.1511738,0.93585473,escamoso
TNFSF12-TNFSF13,-1.6512457,-0.935828,-1.1251433,-1.2374057,0.935828,adenocarcinoma
LOC100996760,1.5357714,1.1741409,0.9357181,1.2152101,0.9357181,escamoso
WDR5,1.5011506,1.0280558,0.9356737,1.15496,0.9356737,escamoso
SVIP,-1.703674,-0.99616253,-0.9352667,-1.211701,0.9352667,adenocarcinoma
FOXJ1,-1.6360157,-1.0161377,-0.93498987,-1.1957145,0.93498987,adenocarcinoma
ASL,-1.0085771,-0.9499815,-0.93496966,-0.9645094,0.93496966,adenocarcinoma
TMEM14A,1.2777346,0.934921,1.432471,1.2150422,0.934921,escamoso
TMEM57,-1.5456631,-0.9348511,-1.126593,-1.2023691,0.9348511,adenocarcinoma
ACAD8,-1.5852056,-0.9341225,-1.3504428,-1.2899237,0.9341225,adenocarcinoma
CDT1,1.4823319,0.9588239,0.93396807,1.1250414,0.93396807,escamoso
LINC00849,-1.5977733,-0.9337872,-1.3673658,-1.2996421,0.9337872,adenocarcinoma
WDR53,2.124438,0.9335229,1.6506641,1.5695416,0.9335229,escamoso
TMEM219,-1.547147,-0.93270737,-0.93259996,-1.1374848,0.93259996,adenocarcinoma
GAP43,1.1728737,0.9322237,0.9973295,1.0341423,0.9322237,escamoso
QSOX1,-1.3545649,-0.93166184,-1.1158285,-1.1340184,0.93166184,adenocarcinoma
NSUN7,-1.7735881,-0.95715606,-0.9314111,-1.2207184,0.9314111,adenocarcinoma
TMPO-AS1,1.0778193,0.931137,0.9472919,0.9854161,0.931137,escamoso
NPC2,-1.1449755,-1.241888,-0.93080664,-1.1058902,0.93080664,adenocarcinoma
GAN,1.3763244,0.93067014,1.5025116,1.2698354,0.93067014,escamoso
RHOV,1.6056707,1.0104413,0.929683,1.1819316,0.929683,escamoso
GPD1L,-1.621418,-1.240858,-0.92943114,-1.2639024,0.92943114,adenocarcinoma
IFNAR2,-1.6068709,-1.1078273,-0.9293947,-1.2146977,0.9293947,adenocarcinoma
BOLA3,1.0693108,0.9293567,1.2756307,1.0914327,0.9293567,escamoso
FAM177A1,-1.4622473,-0.92843175,-1.2742989,-1.2216593,0.92843175,adenocarcinoma
CTSH,-1.2737157,-0.94097507,-0.92798734,-1.0475594,0.92798734,adenocarcinoma
NFE2L1,1.4652523,0.9278876,1.4134997,1.2688799,0.9278876,escamoso
STARD3NL,-1.3211648,-0.92710185,-1.367874,-1.2053803,0.92710185,adenocarcinoma
TENM4,1.1533375,0.9269638,1.2810081,1.1204365,0.9269638,escamoso
CMC2,1.051398,0.92645603,1.3074636,1.0951059,0.92645603,escamoso
HPCAL1,-1.2662591,-0.9259195,-1.1844838,-1.1255541,0.9259195,adenocarcinoma
SLC7A8,1.2690163,1.0181817,0.92565787,1.0709519,0.92565787,escamoso
DDX49,1.5848203,0.9251707,1.3306366,1.2802092,0.9251707,escamoso
RP11-255C15.4,1.6440377,0.9250752,1.0108724,1.1933284,0.9250752,escamoso
EPHB6,1.6583264,0.92487276,1.4319457,1.3383816,0.92487276,escamoso
KIAA1549L,1.0514048,0.9244746,1.1004874,1.0254556,0.9244746,escamoso
GINS1,1.3567339,1.0266594,0.92388535,1.1024262,0.92388535,escamoso
UBXN10,-1.7004786,-0.923746,-0.9585765,-1.194267,0.923746,adenocarcinoma
BCL11B,1.402143,0.9235383,1.117628,1.1477698,0.9235383,escamoso
COLGALT2,1.308812,0.92305756,1.2137927,1.1485542,0.92305756,escamoso
EFCAB2,-1.8813949,-0.9603457,-0.92277163,-1.2548374,0.92277163,adenocarcinoma
WNT7B,1.333494,0.9219449,1.1408598,1.1320995,0.9219449,escamoso
SNRPA1,1.1143863,0.92170286,1.1409589,1.0590161,0.92170286,escamoso
SENP2,1.6478673,0.92122537,1.1088039,1.2259655,0.92122537,escamoso
CELF2,-1.509645,-1.1474128,-0.92003584,-1.1923646,0.92003584,adenocarcinoma
NCBP2,2.0771441,0.9198014,1.4974707,1.4981388,0.9198014,escamoso
FAM213A,1.2819924,0.91976136,1.6332031,1.278319,0.91976136,escamoso
PTPRM,-1.4719889,-1.052937,-0.9191761,-1.148034,0.9191761,adenocarcinoma
AKR1C1,0.91893923,0.961434,1.1879917,1.0227884,0.91893923,escamoso
FMO5,-1.8452615,-0.9189339,-1.1668789,-1.3103582,0.9189339,adenocarcinoma
TXNL4B,1.172407,0.91816235,1.1566887,1.0824194,0.91816235,escamoso
DDIAS,1.7288027,0.9181243,1.425549,1.357492,0.9181243,escamoso
RBPMS,-1.8351889,-0.9180611,-1.0166893,-1.2566464,0.9180611,adenocarcinoma
TMEM8A,-1.5648946,-0.9180152,-1.1951531,-1.2260209,0.9180152,adenocarcinoma
CA12,1.315435,0.91755,1.0915871,1.1081907,0.91755,escamoso
LPAR3,1.5253506,0.9175127,1.4235598,1.2888077,0.9175127,escamoso
SLC35E2,-1.5315585,-0.9171035,-1.2104651,-1.219709,0.9171035,adenocarcinoma
SIRT1,-1.7027633,-0.9168357,-1.312301,-1.3106333,0.9168357,adenocarcinoma
ATOH8,-1.351793,-0.96484387,-0.91672885,-1.0777887,0.91672885,adenocarcinoma
ADCY6,-1.4963224,-0.91615224,-1.6242164,-1.3455638,0.91615224,adenocarcinoma
TMEM243,-1.1135966,-0.9157757,-0.9716322,-1.0003349,0.9157757,adenocarcinoma
PTTG1,1.1738343,0.91570497,1.0686898,1.0527431,0.91570497,escamoso
DNAJB11,1.6228925,0.9152934,1.298281,1.2788223,0.9152934,escamoso
PGAP1,2.1903663,0.9151314,1.604903,1.5701336,0.9151314,escamoso
RASSF7,-1.4162828,-0.91512346,-1.1029751,-1.1447937,0.91512346,adenocarcinoma
KCNN4,-0.97496676,-0.9149309,-1.2449825,-1.04496,0.9149309,adenocarcinoma
LOC101929880,-1.3326513,-0.9148805,-1.305915,-1.1844822,0.9148805,adenocarcinoma
RBKS,-1.5826906,-0.9144871,-1.1635432,-1.2202402,0.9144871,adenocarcinoma
LAMA1,1.2625757,0.91425896,1.1538211,1.1102185,0.91425896,escamoso
GSG2,1.218402,0.91392547,0.93888974,1.0237391,0.91392547,escamoso
BEAN1,-1.2546694,-0.9496004,-0.9134738,-1.0392479,0.9134738,adenocarcinoma
RGN,-1.5203823,-0.92529356,-0.9134529,-1.1197096,0.9134529,adenocarcinoma
GTF2H2,-1.2013797,-0.91311055,-1.131117,-1.0818691,0.91311055,adenocarcinoma
UNC13B,-1.779091,-0.9129261,-1.0724189,-1.254812,0.9129261,adenocarcinoma
CTC1,-1.9608896,-0.91248673,-1.4171647,-1.4301804,0.91248673,adenocarcinoma
CSRP2,1.8502617,0.9122753,1.564311,1.4422827,0.9122753,escamoso
LOC285812,1.6888398,0.9116866,1.0836549,1.2280604,0.9116866,escamoso
MACC1,-1.1377839,-0.9116033,-0.9680598,-1.0058156,0.9116033,adenocarcinoma
SYNE1,-1.8179289,-1.0492977,-0.9112412,-1.2594892,0.9112412,adenocarcinoma
CLCN2,1.3562406,1.1100858,0.9107019,1.1256762,0.9107019,escamoso
SH3GL1,1.6001313,1.1161038,0.91069746,1.2089776,0.91069746,escamoso
EFNA5,-1.0916661,-0.91054285,-1.1064239,-1.0362109,0.91054285,adenocarcinoma
PHGDH,1.6021693,0.9099293,1.0913926,1.2011638,0.9099293,escamoso
PPP2R3C,-0.950691,-0.9098912,-0.968217,-0.9429331,0.9098912,adenocarcinoma
LAMTOR4,0.909714,1.0234393,0.92849207,0.95388174,0.909714,escamoso
TSPAN3,-0.98676777,-0.909574,-0.9641324,-0.9534914,0.909574,adenocarcinoma
ZSCAN16,-1.9750359,-0.90937907,-0.99933296,-1.2945826,0.90937907,adenocarcinoma
RRM1,1.7331134,1.153134,0.90932083,1.2651894,0.90932083,escamoso
TFPI2,-0.99627435,-0.9087281,-0.9170938,-0.9406988,0.9087281,adenocarcinoma
SLC25A45,-1.9178113,-0.94058776,-0.908483,-1.2556273,0.908483,adenocarcinoma
GRAMD3,-1.2459481,-0.9963205,-0.90799254,-1.0500871,0.90799254,adenocarcinoma
SPC24,1.5738859,0.90796113,1.5161521,1.3326664,0.90796113,escamoso
MFI2-AS1,1.4635985,0.9077816,0.9444203,1.1052668,0.9077816,escamoso
TIMM44,1.2879794,0.90758187,1.3386395,1.1780668,0.90758187,escamoso
DMRT3,1.605802,0.9072386,1.2545593,1.2558666,0.9072386,escamoso
RP11-480A16.1,1.7451566,0.90701437,0.9223192,1.1914967,0.90701437,escamoso
LINC00992,1.3006486,0.90586555,0.9670964,1.0578701,0.90586555,escamoso
DCP1A,-1.1192055,-0.905818,-1.185581,-1.0702015,0.905818,adenocarcinoma
RSRC1,1.9746685,0.90575933,1.6563057,1.5122446,0.90575933,escamoso
CARM1,1.7243137,0.9056827,0.936183,1.1887264,0.9056827,escamoso
DNAJB13,-1.126416,-0.93371594,-0.90521055,-0.9884475,0.90521055,adenocarcinoma
GAPDHP73,1.9089142,0.90513736,0.9297239,1.2479252,0.90513736,escamoso
TMEM144,-1.4659309,-0.90508974,-1.0463524,-1.1391244,0.90508974,adenocarcinoma
ITGB8,1.7368938,0.9050885,1.1682646,1.2700824,0.9050885,escamoso
CASD1,-1.357047,-0.9039093,-1.3512973,-1.2040845,0.9039093,adenocarcinoma
HOXA1,1.6894562,1.1958674,0.90364385,1.2629892,0.90364385,escamoso
GNPTG,-1.668316,-0.95560557,-0.903246,-1.1757225,0.903246,adenocarcinoma
PI3,2.417296,1.9287906,0.9031513,1.749746,0.9031513,escamoso
SHE,-1.5625815,-0.9025593,-0.9254266,-1.1301891,0.9025593,adenocarcinoma
DSP,1.3505781,0.90173614,0.9480211,1.0667784,0.90173614,escamoso
C16orf95,1.2709038,0.9016346,1.4238242,1.1987876,0.9016346,escamoso
TDRKH,-1.868328,-0.9001881,-1.3295459,-1.3660207,0.9001881,adenocarcinoma
GSE1,-1.803843,-0.90003574,-1.7417305,-1.4818697,0.90003574,adenocarcinoma
ANG,-1.4893636,-0.89904463,-1.349936,-1.2461147,0.89904463,adenocarcinoma
SLC26A9,-1.2550565,-0.89864826,-1.2014849,-1.1183965,0.89864826,adenocarcinoma
RP11-111M22.3,1.1309038,0.93012965,0.8984151,0.98648286,0.8984151,escamoso
TADA2B,-1.6988113,-0.8983582,-0.93364894,-1.1769395,0.8983582,adenocarcinoma
XAGE1B,-1.3975338,-0.8981725,-1.016148,-1.1039515,0.8981725,adenocarcinoma
DDB2,1.4653236,0.89779145,1.5258671,1.2963275,0.89779145,escamoso
AFAP1-AS1,-0.8977081,-1.1172867,-0.9980497,-1.0043482,0.8977081,adenocarcinoma
DPYSL2,-1.3069192,-0.9125073,-0.8976186,-1.039015,0.8976186,adenocarcinoma
GRAMD1A,-1.3894368,-0.90180045,-0.8969283,-1.0627218,0.8969283,adenocarcinoma
NDFIP1,-1.6197709,-1.006798,-0.895864,-1.1741443,0.895864,adenocarcinoma
LOC100289361,1.3848503,1.077511,0.8958011,1.1193875,0.8958011,escamoso
STAR,1.5872105,0.89519876,1.1011338,1.1945144,0.89519876,escamoso
LSM4,1.4226365,0.8950017,1.331127,1.2162551,0.8950017,escamoso
NDE1,1.2837653,0.89381135,0.91849846,1.032025,0.89381135,escamoso
PLA2G3,0.99368954,0.89317226,1.1365894,1.0078171,0.89317226,escamoso
H2AFZ,1.2911133,0.891828,0.9291403,1.0373605,0.891828,escamoso
B3GNT7,-1.4458371,-0.9281214,-0.89182425,-1.0885943,0.89182425,adenocarcinoma
PTER,-1.6701939,-0.8917508,-1.5471722,-1.3697057,0.8917508,adenocarcinoma
RNF115,-1.6553836,-0.8916059,-0.9725539,-1.1731812,0.8916059,adenocarcinoma
SERPINB4,1.6346269,1.0120867,0.89157885,1.1794308,0.89157885,escamoso
FAM13A-AS1,-1.0535784,-0.8911859,-1.1477233,-1.0308292,0.8911859,adenocarcinoma
PPP1R14C,1.6139829,0.890864,1.3193938,1.2747469,0.890864,escamoso
GSTO1,1.233595,0.890428,0.8989936,1.0076722,0.890428,escamoso
SNRPD3,1.5074142,0.89025795,0.9948334,1.1308352,0.89025795,escamoso
TRAF3IP2,1.6097196,0.8901365,1.1401623,1.2133394,0.8901365,escamoso
PRRC1,-1.5973145,-0.8892552,-1.0602971,-1.182289,0.8892552,adenocarcinoma
ANXA11,-1.3420899,-1.0376241,-0.88925177,-1.0896553,0.88925177,adenocarcinoma
COBL,-1.5345263,-0.8886753,-1.525226,-1.3161426,0.8886753,adenocarcinoma
RBP1,1.8057151,1.2112148,0.88848585,1.3018053,0.88848585,escamoso
MAGI3,-1.0306423,-0.88777304,-1.0029613,-0.97379225,0.88777304,adenocarcinoma
C11orf54,-1.6693166,-0.88737327,-1.2243943,-1.2603614,0.88737327,adenocarcinoma
UNC5B-AS1,1.0940093,1.1533475,0.8863555,1.0445708,0.8863555,escamoso
MKKS,1.4307749,0.8863287,1.2537808,1.1902949,0.8863287,escamoso
ARSE,-1.6236979,-0.88627374,-1.0540895,-1.1880203,0.88627374,adenocarcinoma
LGALSL,1.4229827,0.88605255,1.2098699,1.1729684,0.88605255,escamoso
LINC-PINT,-1.4537035,-0.94555724,-0.8860425,-1.095101,0.8860425,adenocarcinoma
CD97,-1.5232966,-0.88598466,-1.2751626,-1.228148,0.88598466,adenocarcinoma
DAAM2,-1.1346691,-0.8852016,-0.9147431,-0.97820467,0.8852016,adenocarcinoma
BSPRY,-1.3607957,-1.108122,-0.8850827,-1.1180001,0.8850827,adenocarcinoma
UMPS,1.7398504,1.3070745,0.88506263,1.3106626,0.88506263,escamoso
NXPH4,1.496359,0.8845516,0.89267534,1.0911953,0.8845516,escamoso
COL17A1,1.9060262,1.4055688,0.8842397,1.3986115,0.8842397,escamoso
NCK1-AS1,1.2163681,1.1812927,0.8831614,1.0936074,0.8831614,escamoso
ECSIT,1.0060867,0.8831539,0.9649602,0.9514003,0.8831539,escamoso
POLA2,1.4663031,0.8902457,0.8827228,1.0797572,0.8827228,escamoso
DGKD,-1.725472,-0.8826733,-1.0936855,-1.2339436,0.8826733,adenocarcinoma
RAD51,1.6536027,0.8816991,1.25284,1.2627139,0.8816991,escamoso
YPEL1,-1.7225304,-0.8802823,-1.3452253,-1.3160127,0.8802823,adenocarcinoma
ACTG1P4,-1.012768,-0.88024783,-0.9004661,-0.9311606,0.88024783,adenocarcinoma
ACP6,-1.449741,-0.8800594,-0.92784274,-1.0858811,0.8800594,adenocarcinoma
CNFN,1.6498725,0.880014,1.0860137,1.2053,0.880014,escamoso
MAP3K4,1.5350033,0.8795762,1.0794644,1.1646813,0.8795762,escamoso
PAG1,-1.4946148,-0.9770747,-0.8795602,-1.1170832,0.8795602,adenocarcinoma
AMIGO2,-1.0216234,-0.8785642,-0.94337744,-0.947855,0.8785642,adenocarcinoma
SOST,1.3272357,1.1149533,0.87848985,1.106893,0.87848985,escamoso
PCDP1,-1.450092,-0.9499627,-0.8779984,-1.0926844,0.8779984,adenocarcinoma
DIP2B,1.9209704,0.87784314,1.5824482,1.4604206,0.87784314,escamoso
SNTB1,-1.8357202,-0.87771875,-1.3429736,-1.3521376,0.87771875,adenocarcinoma
HOPX,-1.5165262,-1.2327422,-0.87747777,-1.2089154,0.87747777,adenocarcinoma
ADCY3,1.5669601,0.9838074,0.8769486,1.142572,0.8769486,escamoso
SHROOM4,-0.9349345,-0.8766026,-0.889501,-0.900346,0.8766026,adenocarcinoma
MSANTD3,1.2195481,0.87482715,1.1613429,1.0852393,0.87482715,escamoso
RNASEH2A,1.3602711,1.083703,0.87411714,1.1060303,0.87411714,escamoso
TSPAN4,-1.6003271,-0.873505,-1.0249319,-1.1662546,0.873505,adenocarcinoma
FAM110C,1.2195458,0.873371,1.1964943,1.0964705,0.873371,escamoso
GLCCI1,-1.0874496,-0.9195724,-0.873299,-0.960107,0.873299,adenocarcinoma
KIAA0141,-1.2116044,-0.8726792,-1.0133276,-1.0325371,0.8726792,adenocarcinoma
DNAH2,-1.0736798,-1.0555155,-0.8726684,-1.0006212,0.8726684,adenocarcinoma
FAM221A,-1.2691424,-0.8724372,-1.0459915,-1.0625237,0.8724372,adenocarcinoma
C1orf74,1.0558027,0.87235117,0.90976554,0.94597316,0.87235117,escamoso
NRCAM,1.2886328,0.9662073,0.8723146,1.042385,0.8723146,escamoso
CBR3,0.87184477,0.87801385,2.1264014,1.2920867,0.87184477,escamoso
FBXO45,2.2246916,0.87169576,1.5912974,1.5625616,0.87169576,escamoso
KCTD14,-1.5179224,-0.8713617,-1.197345,-1.195543,0.8713617,adenocarcinoma
RBMS2,-1.1711292,-0.87135994,-1.1746608,-1.0723833,0.87135994,adenocarcinoma
PARP3,-1.2843806,-0.8709133,-0.9905192,-1.0486044,0.8709133,adenocarcinoma
RP5-1136G13.2,1.5518532,0.87765336,0.8708299,1.1001121,0.8708299,escamoso
MFSD4,-0.9045284,-0.94397956,-0.87077135,-0.9064264,0.87077135,adenocarcinoma
S100A11,1.281782,0.8705206,0.93548447,1.0292624,0.8705206,escamoso
DYX1C1,-1.6421598,-0.8732153,-0.8701571,-1.1285108,0.8701571,adenocarcinoma
TOR1AIP1,-0.86990297,-0.8743114,-0.8738179,-0.8726774,0.86990297,adenocarcinoma
B4GALT4,1.3785877,1.191042,0.86981195,1.1464806,0.86981195,escamoso
CELP,0.93566823,0.91822374,0.8696415,0.9078445,0.8696415,escamoso
TUBB6,1.7611517,0.8696383,0.86950207,1.166764,0.86950207,escamoso
MAGED2,-1.4732387,-0.8691357,-1.3927121,-1.2450289,0.8691357,adenocarcinoma
WNK2,1.3490828,0.86873287,1.2005575,1.1394577,0.86873287,escamoso
PHYH,-1.2975408,-0.86855876,-1.0079905,-1.05803,0.86855876,adenocarcinoma
AHNAK,1.5447053,1.141751,0.8679833,1.1848131,0.8679833,escamoso
PREP,1.1760783,1.2962737,0.86767584,1.1133426,0.86767584,escamoso
ZSWIM5,-1.1963844,-0.86985815,-0.8672614,-0.9778347,0.8672614,adenocarcinoma
PDCD10,2.1569116,0.86677957,1.2158705,1.4131871,0.86677957,escamoso
EPT1,1.4152105,0.8667324,1.4329954,1.2383127,0.8667324,escamoso
FOLH1B,0.9865322,0.86627126,1.2209599,1.0245878,0.86627126,escamoso
SLC20A2,1.2717266,0.8770102,0.8656133,1.0047834,0.8656133,escamoso
RAMP1,-1.0544662,-0.86491567,-0.9856376,-0.96833986,0.86491567,adenocarcinoma
LOC101930052,-1.2157453,-0.883655,-0.86491543,-0.98810524,0.86491543,adenocarcinoma
AJUBA,1.2508065,0.86435455,0.938559,1.0179067,0.86435455,escamoso
CDKN3,1.3354023,0.8642426,0.8891617,1.0296022,0.8642426,escamoso
KB-431C1.4,-1.3404436,-0.8641352,-0.9146796,-1.0397528,0.8641352,adenocarcinoma
RFWD3,1.1821278,0.8641027,0.9535096,0.9999134,0.8641027,escamoso
TMEM63A,-1.6918337,-1.1066154,-0.8640865,-1.2208452,0.8640865,adenocarcinoma
NCAPH,1.6096009,1.0975975,0.8635164,1.1902382,0.8635164,escamoso
SLC12A7,-1.1430984,-0.8624162,-1.3694054,-1.1249733,0.8624162,adenocarcinoma
RPL39L,1.3163382,0.8615418,0.8771838,1.0183545,0.8615418,escamoso
DCUN1D1,1.8641645,0.86127514,1.9972165,1.5742188,0.86127514,escamoso
EXOC6B,1.5552806,0.8612159,0.95383906,1.1234452,0.8612159,escamoso
SFTA1P,-1.2601849,-0.87347436,-0.86073357,-0.998131,0.86073357,adenocarcinoma
RIPK3,-1.2891538,-0.8619159,-0.86064416,-1.0039046,0.86064416,adenocarcinoma
ERBB2,-1.2714269,-0.86056703,-1.222558,-1.118184,0.86056703,adenocarcinoma
ZNF18,0.8986287,0.86043453,1.0929662,0.95067644,0.86043453,escamoso
LINC00857,-1.0527159,-0.86029494,-0.8902274,-0.9344127,0.86029494,adenocarcinoma
NOTCH1,1.0291455,0.859886,0.9881916,0.9590743,0.859886,escamoso
MAPK9,-1.2220653,-1.012583,-0.85986835,-1.0315055,0.85986835,adenocarcinoma
NDUFAF5,1.2138591,0.93785495,0.8598617,1.0038586,0.8598617,escamoso
CSK,0.8598374,0.8983419,0.8819737,0.88005096,0.8598374,escamoso
SLC37A1,-1.3133745,-1.1397165,-0.85974455,-1.1042786,0.85974455,adenocarcinoma
LMO7,-1.603689,-0.8595537,-1.3990102,-1.2874175,0.8595537,adenocarcinoma
AC008088.4,1.3356805,0.9629743,0.8591197,1.0525914,0.8591197,escamoso
BCL2L10,1.0095071,0.85888356,0.9019564,0.923449,0.85888356,escamoso
CBX6,0.89685684,0.858838,1.0459758,0.93389016,0.858838,escamoso
FZD6,2.3049247,0.8586465,1.0308073,1.3981262,0.8586465,escamoso
CRIP2,-1.5495739,-0.85855585,-1.4697373,-1.2926223,0.85855585,adenocarcinoma
HEMK1,-1.3629363,-0.858188,-1.4210362,-1.2140535,0.858188,adenocarcinoma
LGALS3BP,-1.1369587,-0.85807335,-1.00412,-0.9997174,0.85807335,adenocarcinoma
SNRPN,-0.9723977,-0.8580697,-1.0561666,-0.9622114,0.8580697,adenocarcinoma
LINC00839,1.2317688,0.861063,0.8579164,0.98358274,0.8579164,escamoso
KRT77,0.8577569,0.8900737,1.028578,0.9254696,0.8577569,escamoso
C8orf4,-1.434586,-0.856844,-0.9470821,-1.079504,0.856844,adenocarcinoma
TP73,1.7136707,0.8567419,1.0390147,1.2031425,0.8567419,escamoso
DSC2,1.88573,0.8564389,1.0023719,1.2481803,0.8564389,escamoso
KIAA0319L,-1.4785544,-0.99389076,-0.8564084,-1.1096178,0.8564084,adenocarcinoma
TBC1D30,-1.0338932,-0.9790574,-0.855927,-0.95629257,0.855927,adenocarcinoma
RP13-39P12.3,0.90102345,0.85582906,0.9030105,0.886621,0.85582906,escamoso
SULT1A2,-1.2546135,-0.8551168,-1.0064826,-1.0387377,0.8551168,adenocarcinoma
TRIM8,-1.1916035,-0.8549952,-1.1374005,-1.0613331,0.8549952,adenocarcinoma
KRI1,1.7074811,0.85423726,1.4394805,1.333733,0.85423726,escamoso
COQ4,1.3718654,0.85396916,0.86564,1.0304915,0.85396916,escamoso
PPP1R14D,-1.2948238,-0.85395265,-0.8918593,-1.0135453,0.85395265,adenocarcinoma
AIM1L,1.530652,1.1306553,0.85393506,1.1717474,0.85393506,escamoso
TRAM1,-1.5814283,-0.8539003,-1.2211334,-1.2188206,0.8539003,adenocarcinoma
MPPED2,1.297463,1.0055532,0.8538993,1.0523051,0.8538993,escamoso
LOC284825,0.8536736,1.0501248,0.9147875,0.93952864,0.8536736,escamoso
PTTG3P,1.115938,0.85367346,0.88307685,0.9508961,0.85367346,escamoso
LINC00958,1.994176,0.85261464,1.2031367,1.349976,0.85261464,escamoso
LGSN,-1.5331619,-0.8520621,-1.1763277,-1.1871839,0.8520621,adenocarcinoma
SFTPB,-1.2094735,-1.0763484,-0.85179996,-1.045874,0.85179996,adenocarcinoma
TNFSF13,-1.6650149,-1.0656449,-0.85146815,-1.1940426,0.85146815,adenocarcinoma
SLC2A9,1.2012151,0.8505506,0.89408326,0.9819496,0.8505506,escamoso
H2AFX,1.3330146,0.85046095,0.9972324,1.060236,0.85046095,escamoso
C6orf132,1.2149326,0.906682,0.84995747,0.990524,0.84995747,escamoso
HMHA1,-1.5994556,-0.8510926,-0.8498631,-1.1001371,0.8498631,adenocarcinoma
ZBTB20,-1.3017142,-0.84982055,-1.0685458,-1.0733602,0.84982055,adenocarcinoma
VPS8,1.6719466,0.8496764,1.7195323,1.4137186,0.8496764,escamoso
ME1,0.8494848,0.8854873,1.0077682,0.91424674,0.8494848,escamoso
SH3PXD2A-AS1,1.4446479,1.0468974,0.84876835,1.1134378,0.84876835,escamoso
CTBP2,-1.1084392,-0.8487564,-0.8770101,-0.9447352,0.8487564,adenocarcinoma
GDA,1.462495,0.84864944,1.5488415,1.286662,0.84864944,escamoso
NSDHL,1.4320232,0.9656045,0.8480403,1.0818893,0.8480403,escamoso
FZD5,-1.4413725,-0.9387739,-0.847991,-1.0760459,0.847991,adenocarcinoma
STXBP1,-1.1423398,-0.8477033,-0.94088423,-0.97697574,0.8477033,adenocarcinoma
ABRACL,1.1855705,0.84720397,1.2239766,1.0855837,0.84720397,escamoso
RAPGEF6,-1.420612,-0.9451244,-0.8469192,-1.0708852,0.8469192,adenocarcinoma
SLC12A6,1.4212441,0.84649134,1.1033638,1.1236998,0.84649134,escamoso
C4orf29,-1.2338231,-0.85461503,-0.8461645,-0.97820085,0.8461645,adenocarcinoma
WDR66,1.5437195,0.84605384,1.3273892,1.2390542,0.84605384,escamoso
ZNF556,1.1597567,0.845658,1.3217034,1.1090394,0.845658,escamoso
PP13439,0.8526696,0.84466535,0.9675868,0.8883073,0.84466535,escamoso
EPDR1,-1.3706168,-0.84421325,-1.188137,-1.1343223,0.84421325,adenocarcinoma
ALDH16A1,1.2184836,0.84407103,0.98932326,1.0172926,0.84407103,escamoso
CLDN23,-1.7312423,-0.8440445,-1.0384487,-1.2045785,0.8440445,adenocarcinoma
CRYM,-1.5651077,-0.8730847,-0.84395415,-1.0940489,0.84395415,adenocarcinoma
CACNA2D3,1.1738689,0.88052595,0.84378123,0.9660587,0.84378123,escamoso
MIR29B2,-1.2828338,-0.8427028,-0.9171189,-1.0142184,0.8427028,adenocarcinoma
GNS,-1.162584,-0.8426307,-0.9452409,-0.9834852,0.8426307,adenocarcinoma
ACVR1C,1.6777031,0.84227085,1.6474164,1.3891301,0.84227085,escamoso
RARA-AS1,-1.8034347,-0.84210753,-1.0452642,-1.2302688,0.84210753,adenocarcinoma
GLS,-0.8919192,-0.8418114,-1.0168418,-0.9168574,0.8418114,adenocarcinoma
SMIM6,-1.9938952,-0.84080595,-0.96388435,-1.2661952,0.84080595,adenocarcinoma
RACGAP1,1.2749827,0.8407437,0.8661052,0.99394387,0.8407437,escamoso
CADM1,-1.1625046,-0.84033,-1.025136,-1.0093235,0.84033,adenocarcinoma
LIMK2,2.2311664,1.4024448,0.8401663,1.4912591,0.8401663,escamoso
ALDH6A1,-0.9891573,-0.8400467,-0.9737207,-0.9343083,0.8400467,adenocarcinoma
AGR2,-1.5740309,-0.8400028,-1.2231506,-1.2123947,0.8400028,adenocarcinoma
ALDH2,-1.4437765,-1.0034736,-0.83978146,-1.0956773,0.83978146,adenocarcinoma
SBSN,1.5665249,0.93146694,0.8395699,1.1125206,0.8395699,escamoso
TMEM41A,1.3338176,0.8394021,1.4820787,1.2184328,0.8394021,escamoso
RAD54L,1.6179736,0.8972047,0.8389784,1.1180521,0.8389784,escamoso
SYNGR1,1.5122203,1.0737557,0.8389676,1.1416479,0.8389676,escamoso
FAM114A2,-1.5665586,-0.8387229,-0.9792628,-1.1281815,0.8387229,adenocarcinoma
ARHGAP23,2.1332486,0.8369149,1.2117617,1.3939749,0.8369149,escamoso
LACTB2,-1.1290267,-0.83621997,-0.8883738,-0.95120686,0.83621997,adenocarcinoma
DST,2.3386445,0.836162,1.5542014,1.5763359,0.836162,escamoso
ZNF503-AS2,1.1344578,0.83580726,1.2819084,1.0840578,0.83580726,escamoso
LEPROT,-1.293897,-0.83566225,-1.0734972,-1.0676855,0.83566225,adenocarcinoma
ITGA3,-0.98096037,-0.835613,-1.0668573,-0.96114355,0.835613,adenocarcinoma
COPS7A,1.4231637,0.83531344,1.0307078,1.096395,0.83531344,escamoso
MGST1,-1.0546188,-0.83523285,-0.8767016,-0.92218447,0.83523285,adenocarcinoma
PPP2R2B,1.0009865,0.8789719,0.8349449,0.9049678,0.8349449,escamoso
ZBTB10,-1.3867027,-0.8346789,-1.3636265,-1.1950027,0.8346789,adenocarcinoma
NRM,1.5337709,0.83440113,0.90854985,1.0922407,0.83440113,escamoso
CRYAB,1.5452045,0.86266696,0.83428454,1.0807186,0.83428454,escamoso
DNAJB1,2.37925,0.90464234,0.83424246,1.3727117,0.83424246,escamoso
GFPT1,-1.551338,-0.8934055,-0.83410996,-1.0929512,0.83410996,adenocarcinoma
LOC101928231,1.0235276,0.8341066,1.1051582,0.98759747,0.8341066,escamoso
BORA,1.1752272,1.0421904,0.8332825,1.0169001,0.8332825,escamoso
SLC39A8,-1.1089576,-0.8331354,-0.8777556,-0.9399496,0.8331354,adenocarcinoma
ALDOC,1.3101859,0.8330489,1.6621057,1.2684468,0.8330489,escamoso
SCCPDH,-0.83283985,-0.8822672,-0.90905064,-0.8747192,0.83283985,adenocarcinoma
CFLAR,-1.2433914,-1.0388492,-0.83269995,-1.0383135,0.83269995,adenocarcinoma
HIST1H4A,0.8675761,0.83249176,1.2942928,0.99812025,0.83249176,escamoso
LOC100506098,-1.2255119,-0.84337866,-0.8323851,-0.96709186,0.8323851,adenocarcinoma
TXNIP,-1.2857647,-0.8776877,-0.8322539,-0.9985688,0.8322539,adenocarcinoma
COL4A3,-1.4454063,-0.98181015,-0.8321827,-1.0864664,0.8321827,adenocarcinoma
COPZ2,1.8041446,0.8321676,0.8529765,1.1630963,0.8321676,escamoso
HMGA1,1.1188356,0.83206826,1.0725827,1.0078288,0.83206826,escamoso
CLCA4,1.4676055,0.83196896,1.2968154,1.1987966,0.83196896,escamoso
TTC23,1.2182666,0.83142465,0.8993425,0.98301125,0.83142465,escamoso
PRPF19,0.9473476,0.8311499,0.9287759,0.9024245,0.8311499,escamoso
NKIRAS2,1.2161943,0.88055235,0.83111525,0.975954,0.83111525,escamoso
MPP5,-0.84415394,-0.8308842,-0.93746096,-0.870833,0.8308842,adenocarcinoma
NTN1,1.1825672,0.8306822,0.91336757,0.97553897,0.8306822,escamoso
BRD4,1.1480149,0.83017135,1.1427776,1.0403212,0.83017135,escamoso
FRMD5,-1.2073303,-0.89890516,-0.830158,-0.97879785,0.830158,adenocarcinoma
TMTC1,1.1659538,0.82965356,1.0003567,0.99865466,0.82965356,escamoso
SF3B3,1.1078427,0.88858986,0.82936275,0.9419317,0.82936275,escamoso
AADACP1,1.4590331,0.8291882,0.87982595,1.0560158,0.8291882,escamoso
OSCP1,-1.3267343,-0.82886106,-0.83511734,-0.9969042,0.82886106,adenocarcinoma
DUS3L,1.3015888,0.8287657,1.0941622,1.0748389,0.8287657,escamoso
DLX6-AS1,1.2877704,0.82868314,1.0252008,1.0472182,0.82868314,escamoso
GNA15,1.3872726,0.8286216,0.8727128,1.0295357,0.8286216,escamoso
RNASE1,-1.454746,-1.0561402,-0.8284456,-1.1131107,0.8284456,adenocarcinoma
HPS4,1.0976033,0.82833034,0.84719414,0.92437595,0.82833034,escamoso
KIAA0101,1.3213567,0.82765454,0.97736233,1.0421245,0.82765454,escamoso
ZNF717,-0.993349,-0.97179925,-0.8276089,-0.930919,0.8276089,adenocarcinoma
NPL,0.9713352,0.8274871,1.2857943,1.0282055,0.8274871,escamoso
MYBL2,1.0756428,0.90129113,0.82747775,0.9348039,0.82747775,escamoso
GMNN,0.89911515,0.82745516,1.0582939,0.92828816,0.82745516,escamoso
FNIP2,-1.4839317,-1.0517597,-0.8273612,-1.1210175,0.8273612,adenocarcinoma
NDUFA6,0.93967766,0.8272892,1.2209347,0.9959672,0.8272892,escamoso
COX7BP1,1.2885513,0.82671595,1.5874016,1.234223,0.82671595,escamoso
CYFIP2,-1.8000835,-0.88016737,-0.82610655,-1.1687858,0.82610655,adenocarcinoma
KIT,-1.6209126,-0.82551014,-1.3759446,-1.2741224,0.82551014,adenocarcinoma
CABLES1,-1.5055321,-0.82542104,-0.9772118,-1.1027216,0.82542104,adenocarcinoma
PHLDB3,1.4910377,0.8251614,1.049729,1.121976,0.8251614,escamoso
FAM83G,1.5499771,0.82500774,1.1051278,1.1600375,0.82500774,escamoso
GSS,0.9313526,0.8275245,0.8248831,0.86125344,0.8248831,escamoso
CHDH,-1.3172606,-0.8247618,-1.4305626,-1.1908617,0.8247618,adenocarcinoma
NTN4,-0.9016936,-0.82243454,-0.83217347,-0.85210055,0.82243454,adenocarcinoma
SHANK2,-1.7168396,-0.82234496,-1.3426701,-1.2939515,0.82234496,adenocarcinoma
WRB,-0.97275585,-0.822187,-0.86266375,-0.88586885,0.822187,adenocarcinoma
PPP1R1B,-0.90815616,-0.82163197,-1.0355201,-0.9217694,0.82163197,adenocarcinoma
GLB1L2,-1.4972233,-0.82156575,-0.945174,-1.0879877,0.82156575,adenocarcinoma
RND3,2.192071,0.8776844,0.8214067,1.2970539,0.8214067,escamoso
CORO1C,1.2953768,0.8213973,1.1011274,1.0726339,0.8213973,escamoso
RP11-138A9.1,-0.91999704,-0.82096636,-0.90934086,-0.8834348,0.82096636,adenocarcinoma
FAM160A1,1.371062,1.0193911,0.8207867,1.0704132,0.8207867,escamoso
CKS2,1.2193065,0.8206435,0.88696414,0.975638,0.8206435,escamoso
MAPRE2,-1.1667397,-0.8199718,-1.1150678,-1.0339265,0.8199718,adenocarcinoma
BUB1B,1.6079878,0.93202686,0.81963974,1.1198848,0.81963974,escamoso
ERF,1.3747333,0.8194606,0.9312124,1.041802,0.8194606,escamoso
FCGRT,-1.5763475,-0.8194588,-1.0587342,-1.1515135,0.8194588,adenocarcinoma
CHODL,1.1799852,0.81933755,1.2435169,1.0809466,0.81933755,escamoso
LRFN1,0.8569925,0.8192767,1.1576325,0.9446339,0.8192767,escamoso
KRT19,1.3845086,0.8192192,1.1581763,1.1206347,0.8192192,escamoso
WNT5A,1.6576612,0.81864333,1.7500019,1.4087688,0.81864333,escamoso
PFN2,1.4988959,0.87518233,0.818479,1.0641857,0.818479,escamoso
TEAD4,1.5139002,0.85111725,0.8182571,1.0610915,0.8182571,escamoso
PARP8,-1.7260393,-0.81805944,-1.3628448,-1.3023146,0.81805944,adenocarcinoma
ORC1,1.2680318,0.89606744,0.81797457,0.9940246,0.81797457,escamoso
CTA-29F11.1,1.3330978,0.8484803,0.81795484,0.9998443,0.81795484,escamoso
CD46,-1.4404637,-0.81698614,-1.004066,-1.0871719,0.81698614,adenocarcinoma
DUSP14,1.6644427,1.0407197,0.8168603,1.1740075,0.8168603,escamoso
HNMT,-1.9668736,-0.8163293,-0.8760037,-1.2197355,0.8163293,adenocarcinoma
LHFPL1,0.98662096,0.81620854,0.88660765,0.89647907,0.81620854,escamoso
PTGR1,0.8347914,0.81611514,0.9670115,0.87263936,0.81611514,escamoso
MRPS17,1.0446666,0.81611156,0.9356299,0.93213606,0.81611156,escamoso
HSPB1,1.8645972,0.8161037,1.5551716,1.4119574,0.8161037,escamoso
TSPAN18,1.2350806,0.8156575,0.8336943,0.96147746,0.8156575,escamoso
FLJ25917,1.3291188,0.81542695,1.0237877,1.0561112,0.81542695,escamoso
KLHDC9,-1.1501316,-0.815407,-0.98772776,-0.984422,0.815407,adenocarcinoma
HTR2C,1.0849272,0.95642155,0.8150559,0.95213485,0.8150559,escamoso
SH3BP5,-1.254205,-0.81447357,-0.9286287,-0.9991024,0.81447357,adenocarcinoma
EPHA10,-1.1592065,-0.94147384,-0.81429565,-0.9716587,0.81429565,adenocarcinoma
TMX4,-1.1227462,-0.8141962,-0.92861295,-0.9551851,0.8141962,adenocarcinoma
TTC28-AS1,1.253319,0.81395,1.1515607,1.0729432,0.81395,escamoso
RASD1,-1.293606,-0.81439364,-0.81381583,-0.9739385,0.81381583,adenocarcinoma
CYB5A,-1.3469049,-0.81366676,-1.0447485,-1.0684401,0.81366676,adenocarcinoma
TECR,1.4313269,0.8124576,0.9447503,1.0628449,0.8124576,escamoso
CCDC34,1.1508188,0.8120095,1.0588409,1.0072231,0.8120095,escamoso
ZNF706,1.1645652,0.81128824,0.9385609,0.9714715,0.81128824,escamoso
XPC,-1.3201987,-0.8112709,-0.88236547,-1.0046116,0.8112709,adenocarcinoma
TMBIM4,-1.4391533,-0.9605711,-0.8112035,-1.0703093,0.8112035,adenocarcinoma
ZDHHC16,-1.5586934,-0.81085694,-0.88313514,-1.0842284,0.81085694,adenocarcinoma
CYSTM1,-1.2522072,-0.84135747,-0.81031996,-0.9679615,0.81031996,adenocarcinoma
ATP5G1,1.0404795,0.9954488,0.80997735,0.94863516,0.80997735,escamoso
OAZ3,-1.312925,-0.8342527,-0.80969393,-0.98562384,0.80969393,adenocarcinoma
TNFRSF10C,-1.188555,-0.85763997,-0.8094745,-0.9518898,0.8094745,adenocarcinoma
KLHL21,1.4502025,0.8093532,1.1646969,1.1414175,0.8093532,escamoso
MRPS22,1.5485666,0.8093532,1.186348,1.1814226,0.8093532,escamoso
THAP11,0.86372185,0.8091005,0.8495477,0.84079003,0.8091005,escamoso
C14orf2,0.80902636,0.81043226,1.0537701,0.89107627,0.80902636,escamoso
SHFM1,1.3173318,0.808707,1.4494302,1.191823,0.808707,escamoso
GSTM3,0.91954017,0.80796325,0.90839374,0.87863237,0.80796325,escamoso
FGFBP2,0.9597063,1.0008909,0.80760187,0.922733,0.80760187,escamoso
MAP1LC3C,-1.2094634,-0.8075799,-1.0307425,-1.0159286,0.8075799,adenocarcinoma
FOXK1,1.454935,0.8287662,0.8075753,1.0304254,0.8075753,escamoso
ACSF2,-1.5913486,-0.80735934,-0.9285876,-1.1090986,0.80735934,adenocarcinoma
SLC4A4,-1.6113379,-0.8072169,-1.1672782,-1.1952777,0.8072169,adenocarcinoma
CCDC51,1.2867411,0.80717224,1.1301383,1.0746838,0.80717224,escamoso
NDUFA9,0.90710855,0.8063409,1.10008,0.93784314,0.8063409,escamoso
AK1,-1.197933,-0.97109854,-0.80614716,-0.9917262,0.80614716,adenocarcinoma
PXYLP1,1.2304902,0.80604815,0.99259955,1.0097126,0.80604815,escamoso
RND1,-1.0878046,-0.80577457,-0.89740044,-0.9303265,0.80577457,adenocarcinoma
NOD1,-1.275202,-0.8606934,-0.8057392,-0.98054487,0.8057392,adenocarcinoma
MB21D2,1.3806646,0.8055158,0.9248397,1.0370067,0.8055158,escamoso
ZNF320,-1.1802334,-0.8169332,-0.8052137,-0.9341268,0.8052137,adenocarcinoma
CALB1,0.8640239,0.80462646,1.2133726,0.9606743,0.80462646,escamoso
CDK1,1.5019244,0.804427,0.8215076,1.0426197,0.804427,escamoso
PLA2R1,1.808201,0.8042753,1.5125422,1.3750062,0.8042753,escamoso
LINC00491,1.6105993,0.8035914,1.2698122,1.228001,0.8035914,escamoso
MAGEA9,1.2541562,1.0087419,0.80311084,1.0220029,0.80311084,escamoso
SKA1,1.492344,1.0353262,0.8031062,1.1102589,0.8031062,escamoso
GLYR1,-1.095414,-0.8030985,-0.9273431,-0.94195193,0.8030985,adenocarcinoma
BCL7A,0.8027721,0.851418,1.0188198,0.8910033,0.8027721,escamoso
DISP1,-1.5061206,-1.0662574,-0.8026901,-1.1250226,0.8026901,adenocarcinoma
ABCA7,-1.1301101,-0.8863592,-0.8023908,-0.9396201,0.8023908,adenocarcinoma
ASB9,-1.2420692,-0.8547597,-0.8021566,-0.96632856,0.8021566,adenocarcinoma
IGF2BP3,1.1945918,0.9716869,0.80213904,0.98947257,0.80213904,escamoso
PARD6B,-0.9360625,-0.8018819,-1.1241997,-0.954048,0.8018819,adenocarcinoma
UBXN7,2.1183333,0.8013088,1.6119224,1.5105215,0.8013088,escamoso
KIAA1244,-1.3941824,-0.8012063,-0.82366025,-1.0063497,0.8012063,adenocarcinoma
MIR6132,-0.8674282,-0.80114406,-0.82949394,-0.83268875,0.80114406,adenocarcinoma
LRP4,1.0878235,0.9689085,0.8010309,0.9525876,0.8010309,escamoso
CACNA1D,-1.4057512,-0.8898118,-0.8001646,-1.0319091,0.8001646,adenocarcinoma
