ID_REF,GSE118370,GSE18842,GSE19188,GSE19804,GSE23066,GSE31210,GSE40791,GSE7670,d_Media,d_Minima_Abs,Direccion
RAMP3,-2.7821536,-3.6640918,-2.9913833,-2.333536,-1.9886583,-2.4679797,-2.0783703,-4.1056204,-2.801474,1.9886583,sano
CFD,-2.2087414,-3.4254482,-2.7823074,-2.1039991,-1.6973137,-1.8574921,-3.922382,-4.3253965,-2.7903852,1.6973137,sano
VIPR1,-5.1714478,-2.5211897,-2.334065,-1.7760804,-1.7901227,-1.5940951,-3.55187,-3.4403963,-2.7724085,1.5940951,sano
AKAP12,-3.3608596,-1.87268,-1.8562435,-1.7752714,-1.4978056,-1.7384514,-3.2678514,-2.365752,-2.2168643,1.4978056,sano
RASL12,-2.3944504,-2.4095757,-2.6849353,-1.7632035,-1.4891894,-1.9741133,-2.7328324,-3.0867555,-2.316882,1.4891894,sano
FGFR4,-2.2802362,-3.7367013,-1.6377546,-1.8348876,-1.4365044,-2.0339737,-2.9695895,-4.2972274,-2.5283592,1.4365044,sano
QKI,-5.105729,-2.6329298,-2.8649423,-2.583024,-1.4110644,-1.9196304,-8.531638,-4.6941137,-3.717884,1.4110644,sano
ABCA8,-2.405458,-4.6789246,-3.077506,-1.94994,-1.4038043,-1.5541066,-4.170407,-4.223957,-2.933013,1.4038043,sano
PROS1,-1.6688362,-2.30252,-2.3623369,-1.4857643,-2.4852765,-1.4014938,-7.701701,-1.8681066,-2.6595044,1.4014938,sano
STARD13,-3.1328344,-3.5690658,-3.0587993,-2.365129,-1.3857253,-2.659786,-10.476742,-3.2439628,-3.7365057,1.3857253,sano
TAL1,-3.0249722,-3.2399564,-2.620548,-2.7027225,-1.3682234,-2.768432,-4.19021,-2.9485574,-2.8579526,1.3682234,sano
COL11A1,1.3674431,2.700677,2.6245751,1.881846,1.447181,1.6105951,2.9256575,1.9881971,2.0682714,1.3674431,enfermo
LIFR,-1.3434852,-2.2173097,-1.9489295,-1.692586,-1.4311098,-1.6868489,-4.355958,-2.7940402,-2.1837833,1.3434852,sano
MFAP4,-2.9099944,-2.8652084,-2.707807,-1.9279438,-2.0836403,-1.3376732,-1.5535563,-1.9194983,-2.163165,1.3376732,sano
GDF10,-2.2881017,-2.3594441,-2.7956827,-2.092156,-1.3096241,-1.7360896,-3.15659,-2.1580422,-2.2369664,1.3096241,sano
TRAP1,1.3340821,2.4875968,1.9936544,1.3515546,1.3095561,1.6872265,6.5008116,2.2001069,2.3580737,1.3095561,enfermo
TMOD1,-2.456653,-4.5131354,-2.3430862,-2.0620666,-1.7657024,-1.3006004,-2.1622884,-2.7018447,-2.413172,1.3006004,sano
BCHE,-2.205671,-1.2611156,-1.5711852,-1.5686177,-1.4748902,-1.4999714,-5.053315,-4.335529,-2.3712869,1.2611156,sano
ASPA,-3.3980587,-4.069645,-2.9617083,-2.47106,-1.2607679,-2.063035,-3.265096,-5.2992525,-3.098578,1.2607679,sano
COL10A1,3.4031343,2.6996856,2.2756026,3.046294,1.2566961,3.202197,5.7950897,3.1714194,3.1062648,1.2566961,enfermo
ROBO4,-3.6145518,-3.3723693,-2.8690963,-2.8397412,-1.2469417,-2.7035084,-4.8711987,-2.7627628,-3.0350213,1.2469417,sano
ATP1A2,-2.1432476,-1.3515037,-2.5950632,-1.3409536,-1.2387084,-1.3143489,-2.4887087,-1.9944143,-1.8083686,1.2387084,sano
ZBTB16,-1.4665935,-2.0405412,-1.38762,-1.2323228,-1.250471,-1.8114637,-1.8001112,-2.2351434,-1.6530333,1.2323228,sano
PIAS3,1.9211626,2.0234482,1.3129628,1.6081661,1.2531441,1.2270721,5.866746,2.1971781,2.176235,1.2270721,enfermo
MEA1,1.2218767,1.2221853,1.9036992,1.4241605,2.7832797,1.3722965,1.6733779,1.2083447,1.6011525,1.2083447,enfermo
STX11,-2.1076684,-4.037875,-3.283464,-2.6807954,-1.2114776,-2.3868392,-10.818857,-1.2035677,-3.4663181,1.2035677,sano
SERPING1,-1.9049175,-2.0189316,-2.027044,-1.587646,-1.2012419,-1.566789,-3.0647013,-2.542529,-1.989225,1.2012419,sano
ADAMTS8,-1.9432801,-5.2166557,-3.241238,-2.6184525,-1.1970816,-1.5086378,-3.1443439,-2.4028869,-2.6590722,1.1970816,sano
ZDHHC13,1.3465573,1.6591511,1.4013855,1.1940218,1.5768772,1.5335815,3.7852948,1.3620638,1.7323666,1.1940218,enfermo
MACF1,-3.8416805,-1.8749291,-2.5134838,-1.316727,-1.1848356,-1.6858978,-1.6763922,-4.0053225,-2.2624085,1.1848356,sano
SCN7A,-2.4214213,-3.8724768,-2.9751382,-1.5854963,-1.9388665,-1.2534848,-3.142772,-1.1746532,-2.2955387,1.1746532,sano
ADH1B,-2.5800626,-4.604728,-3.056184,-1.9358506,-1.3908957,-1.1375169,-2.7282987,-3.2528536,-2.5857987,1.1375169,sano
GPR4,-1.5146135,-1.2558197,-1.3138031,-1.3605273,-1.1152232,-1.946614,-2.2247717,-1.6179647,-1.5436671,1.1152232,sano
FMO2,-3.0148213,-3.580311,-2.8163812,-2.3263195,-1.1088029,-1.8035079,-2.0842428,-5.9258227,-2.8325262,1.1088029,sano
SPATS2,1.1786336,3.0147283,2.5611753,1.5903178,1.0849222,1.2197407,2.6864715,2.035264,1.9214066,1.0849222,enfermo
CHRDL1,-1.5951195,-3.3246844,-3.080716,-1.576888,-1.0759882,-1.1801027,-2.7233562,-2.5164952,-2.1341686,1.0759882,sano
CASQ2,-1.0728903,-2.9954796,-2.2259896,-1.3055619,-1.2252344,-1.1850885,-3.6942897,-1.7523257,-1.9321073,1.0728903,sano
ARHGEF10,-1.0712427,-2.189523,-1.5744654,-1.2195096,-1.3136396,-2.2100537,-2.4630055,-2.8993912,-1.8676038,1.0712427,sano
DTX2,1.8013169,1.375801,1.0711963,1.4303184,1.4141964,1.6898444,1.9978974,1.9295076,1.5887597,1.0711963,enfermo
A2M,-2.0404356,-2.4982283,-2.468014,-1.6778709,-1.2037429,-1.0678055,-2.4655457,-2.5463192,-1.9959952,1.0678055,sano
SFTPC,-2.077818,-3.2453318,-2.6977024,-1.6196351,-1.1903661,-1.0559468,-3.0207133,-3.107302,-2.251852,1.0559468,sano
CDKN1C,-1.5726056,-1.7239852,-1.0472044,-1.5227666,-1.5188155,-1.5936432,-2.7028053,-3.143396,-1.8531528,1.0472044,sano
STX1A,1.2876184,1.5242915,1.7419177,1.373475,1.0423095,1.4177852,1.5988277,1.1877077,1.3967416,1.0423095,enfermo
FCN3,-2.6129913,-3.5291843,-3.1137345,-2.2020864,-1.0421886,-1.7173196,-4.012661,-3.9393682,-2.7711916,1.0421886,sano
EPN3,2.1234133,2.8851504,1.9886637,1.6661824,1.0370306,2.2335968,3.701613,2.0974927,2.2166429,1.0370306,enfermo
B4GALT7,1.5170428,1.3438858,1.0757296,1.8042463,1.0338967,1.6238248,4.791288,1.488169,1.8347604,1.0338967,enfermo
CST1,1.7105869,1.605974,1.3405833,2.1696231,1.0325345,1.586516,14.762854,1.7282419,3.242114,1.0325345,enfermo
TTC28,-2.6514773,-1.0314292,-2.2302754,-1.8163965,-1.7802685,-1.9860519,-2.7693515,-3.185941,-2.181399,1.0314292,sano
SLC2A1,1.027154,2.9466667,2.222637,1.2238495,1.1603507,1.3875724,10.904726,2.4193897,2.9115431,1.027154,enfermo
GJA4,-2.5964186,-2.5419066,-1.9933237,-1.8049166,-1.0197617,-2.1932926,-2.5743046,-2.8712225,-2.1993933,1.0197617,sano
PDS5B,-1.0511862,-1.1341571,-1.0832001,-1.0201864,-1.2814586,-1.0107002,-3.8040807,-2.3865535,-1.5964404,1.0107002,sano
TMEM100,-3.9236126,-3.8524964,-2.9058907,-1.9946059,-1.0106474,-1.9273351,-4.214677,-3.1493602,-2.8723283,1.0106474,sano
STYXL1,1.8916341,1.379962,1.4674774,1.5425998,1.0027771,1.6430175,3.4303732,1.9639069,1.7902185,1.0027771,enfermo
RAMP2,-1.6747211,-3.6487844,-2.1217115,-2.0466056,-0.9998904,-2.0457933,-4.387868,-3.7397847,-2.583145,0.9998904,sano
BCL11A,1.1142766,1.8934814,1.5720885,1.0322943,1.2114292,0.99787384,7.278152,1.7246504,2.1030307,0.99787384,enfermo
ICT1,1.5143894,1.4686455,1.4759989,1.4020056,0.99656063,1.1147614,2.7996676,1.4922358,1.5330331,0.99656063,enfermo
ABCG1,-1.7800283,-1.6991743,-1.4188732,-1.4277848,-0.9918187,-1.2502271,-1.5527589,-2.0643497,-1.5231271,0.9918187,sano
SDHC,1.2359197,1.7491543,1.0181336,0.9888818,1.2447909,1.2666923,3.1512072,1.6903037,1.5431354,0.9888818,enfermo
ARMCX1,-1.1580656,-1.8116957,-1.3573337,-1.1089858,-0.9830728,-1.1887988,-4.703015,-3.1508195,-1.9327234,0.9830728,sano
KLRF1,-4.1805553,-2.2475917,-1.9031523,-1.7629629,-0.9827578,-1.4273072,-1.5416845,-2.1211264,-2.0208924,0.9827578,sano
SLC50A1,2.5571055,1.8849598,1.4277732,2.5153,1.0187888,0.98249114,8.083474,1.6380422,2.5134919,0.98249114,enfermo
BMP2,-1.1567978,-2.0652204,-1.9731466,-1.7328302,-1.1012645,-0.98213357,-3.9075215,-1.8786541,-1.849696,0.98213357,sano
AVL9,0.9818488,1.847857,1.382212,1.5819874,1.488759,1.2286397,5.848243,1.7609612,2.0150635,0.9818488,enfermo
TPI1,1.5952951,3.3810065,2.1106868,1.2786471,0.9758936,1.0597228,3.9863253,1.5751333,1.9953389,0.9758936,enfermo
APOL3,-2.4963763,-2.2622178,-1.6879854,-1.8884226,-0.97469395,-1.6194443,-3.7872913,-3.2295625,-2.2432492,0.97469395,sano
NUP62CL,1.4999197,1.2386868,1.1803217,1.1945342,1.53486,0.9699426,1.1408743,1.4754448,1.279323,0.9699426,enfermo
CCDC102B,-1.3612555,-1.760178,-1.6271116,-1.8316817,-0.9627954,-1.4881918,-7.096508,-1.6523021,-2.222503,0.9627954,sano
ARHGEF15,-3.6535823,-2.763319,-2.6601558,-1.733514,-0.9601095,-2.7251248,-3.9180655,-3.4867573,-2.7375786,0.9601095,sano
ARGLU1,-2.1636543,-2.884785,-1.8767076,-1.349296,-0.9549424,-1.1161257,-2.3730595,-1.5227019,-1.7801591,0.9549424,sano
PZP,-1.9742805,-1.7619207,-1.9744463,-1.6268524,-0.9544083,-1.4848003,-3.0035613,-1.4422313,-1.7778126,0.9544083,sano
NR2F1,-1.7700692,-3.1176982,-2.0165036,-1.1260158,-0.9490995,-1.0157212,-1.1734782,-1.1224395,-1.5363781,0.9490995,sano
CXCL13,1.7310131,1.5496451,1.6940002,1.0224938,0.9484661,1.6424718,2.557638,3.6484928,1.8492777,0.9484661,enfermo
MSTO1,1.9742846,1.8964133,2.239651,1.8211137,0.9455827,1.5089478,3.8242874,3.0378995,2.1560223,0.9455827,enfermo
SLC5A6,1.4121503,2.161355,1.727912,1.0650908,0.94340706,1.4064943,4.31276,1.6073613,1.8295662,0.94340706,enfermo
MRPS34,1.9423281,1.7216861,1.6450408,1.7718339,0.9376456,1.7178416,5.6294756,2.375392,2.2176554,0.9376456,enfermo
METTL7A,-1.4218947,-1.9387139,-1.4512839,-0.93866795,-0.9372494,-1.1921064,-2.4239612,-3.4262002,-1.7162596,0.9372494,sano
PTPRF,1.7464042,2.2527504,1.3940994,1.0090984,0.93377864,1.2123237,3.2288086,1.4936769,1.6588675,0.93377864,enfermo
ALDH2,-0.92264307,-2.477233,-2.3838313,-1.0263779,-0.9360806,-0.9714003,-3.5382805,-1.0602213,-1.6645086,0.92264307,sano
CARD8,-1.7729421,-2.4676683,-1.8155206,-1.3623751,-0.9209163,-1.1148458,-1.8979652,-1.1650342,-1.5646584,0.9209163,sano
GPRASP1,-2.0266309,-2.5310762,-1.5877138,-1.0184051,-0.91620344,-1.0977888,-3.1380453,-1.8866386,-1.7753127,0.91620344,sano
LSM12,1.3112282,1.9903699,1.846038,0.9154245,1.0175734,1.6619288,4.274041,1.8093492,1.8532441,0.9154245,enfermo
CHCHD2,2.2024164,2.4389455,1.7299691,1.303196,0.91532195,1.288284,7.0895443,1.6930135,2.3325865,0.91532195,enfermo
SLC35B1,2.5557015,1.9491769,1.3751951,1.7184974,0.90922153,1.384072,5.246776,2.7856576,2.2405374,0.90922153,enfermo
MLEC,2.3271866,1.3690618,1.251603,1.4248627,0.9084952,1.2699171,3.3360033,2.470857,1.7947484,0.9084952,enfermo
NET1,2.6808364,1.8879563,1.4219047,1.1157563,1.1039736,0.9076854,3.830955,2.703209,1.9565346,0.9076854,enfermo
PPP1R14B,1.3583995,3.7064042,2.337708,1.9969178,0.90653634,1.4989661,9.051671,3.8427207,3.0874152,0.90653634,enfermo
TOMM34,0.96718216,1.178141,0.90528107,0.9681248,1.2409003,1.2229191,2.23496,1.183199,1.2375884,0.90528107,enfermo
DOCK4,-3.1035576,-3.1969419,-2.8529923,-1.3524469,-0.9034954,-2.0774941,-6.7617745,-3.5214314,-2.9712667,0.9034954,sano
MYLK,-3.4761796,-1.0591922,-1.9698148,-1.2812558,-0.90259844,-0.9491513,-1.5231403,-2.6248045,-1.7232671,0.90259844,sano
LRRC59,1.3977091,1.922927,1.2217486,0.90224516,1.1750675,1.4760274,4.2524714,3.4705503,1.9773433,0.90224516,enfermo
ZBED2,-1.8202697,-1.9230427,-1.679213,-2.1977754,-0.90069526,-1.703964,-2.3294938,-1.6720736,-1.7783159,0.90069526,sano
LRRC49,-1.2944031,-1.2556928,-0.8988739,-1.2072452,-0.9799897,-1.0952871,-1.9288449,-3.0360184,-1.4620445,0.8988739,sano
SDPR,-4.583731,-3.7562351,-2.9448495,-2.1527047,-0.8977588,-2.0567217,-6.1369267,-1.028496,-2.9446776,0.8977588,sano
IFT88,-0.89702183,-2.5385864,-1.8427417,-1.2590431,-2.1512606,-1.0856318,-2.1594498,-2.205427,-1.7673954,0.89702183,sano
HIST1H2BE,0.8969808,1.5438676,1.7159414,1.281241,1.7941256,1.2462173,3.7184398,1.076532,1.6591682,0.8969808,enfermo
PDE3B,-2.4955244,-2.1820936,-1.4151572,-1.7326703,-0.89521766,-1.6528655,-3.382362,-1.9938644,-1.9687192,0.89521766,sano
PEX10,0.8944023,1.5239539,1.1756332,1.0809313,1.3308187,0.99655837,4.3676224,1.3590633,1.5911229,0.8944023,enfermo
LRRC36,-1.4524751,-3.1670766,-3.2159703,-0.8821669,-0.90403354,-1.1754006,-4.7626143,-2.3877108,-2.243431,0.8821669,sano
GNG11,-2.913002,-2.6738248,-2.2364097,-2.519849,-0.8818273,-2.2776058,-5.056534,-2.3953485,-2.6193,0.8818273,sano
ENG,-2.6027572,-1.5872266,-1.7441646,-1.2345276,-0.87897027,-2.0150816,-1.305392,-1.8206998,-1.6486025,0.87897027,sano
P2RY6,1.0875573,1.1232351,1.1236525,1.0847826,0.87819225,1.414507,2.237467,1.4014695,1.2938579,0.87819225,enfermo
RUSC1,1.8458902,2.6872206,2.0362082,1.7007104,0.877719,1.2405087,6.513669,2.7526836,2.4568262,0.877719,enfermo
PGC,-1.1175133,-2.057436,-1.665752,-0.995628,-1.0312966,-0.8762074,-2.1652288,-1.3594337,-1.408562,0.8762074,sano
SULF1,2.320048,3.2688937,2.4936686,1.7603507,0.87493867,1.3360201,3.1603086,2.711249,2.2406847,0.87493867,enfermo
IPW,-1.5825965,-1.3234915,-0.91425616,-0.8729891,-1.9865866,-1.0709182,-2.7210991,-1.3806516,-1.4815736,0.8729891,sano
SPINK1,3.3701108,0.8636995,0.8668757,1.458793,0.9862397,1.6359645,2.1960998,1.5810852,1.6198585,0.8636995,enfermo
GPI,0.86216635,2.8579931,2.240972,1.597232,1.2075499,1.1820565,6.4643836,1.8205174,2.2791088,0.86216635,enfermo
SEPP1,-2.8684592,-3.5356057,-2.4715123,-1.1996902,-1.735547,-0.8602341,-9.270719,-1.8806655,-2.9778042,0.8602341,sano
ST14,3.752949,1.8784043,1.0545734,1.9191309,0.8577902,1.8586422,5.512529,1.9086384,2.342832,0.8577902,enfermo
KCNA5,-2.9217906,-1.914305,-2.0358741,-1.200436,-0.85758907,-0.9004249,-1.6491061,-1.8061943,-1.660715,0.85758907,sano
ANKS1A,-1.98963,-1.9573092,-2.0409937,-1.6661193,-0.85584384,-2.4586892,-3.281275,-2.4961212,-2.0932477,0.85584384,sano
CP,2.4824722,1.0267382,0.9622471,1.4289867,0.8518581,1.5250659,2.4564264,3.3598151,1.7617013,0.8518581,enfermo
FGD6,2.419767,1.6726304,0.84772485,0.93810314,1.0023487,1.5590708,2.6425984,1.0253407,1.513448,0.84772485,enfermo
DPM2,1.095494,0.88047725,1.087368,0.84756607,1.0438597,0.99185276,4.375414,1.7864982,1.5135663,0.84756607,enfermo
FTSJ1,1.1531911,1.9372356,1.0986379,1.0675429,1.4430958,0.8442257,4.029702,1.8462552,1.6774858,0.8442257,enfermo
FAM63B,-1.2824619,-0.8440842,-1.3354515,-1.4053341,-1.7577852,-1.2485963,-1.8335571,-1.3384335,-1.3807129,0.8440842,sano
FAM136A,3.0831237,1.4209585,1.8297653,1.5679337,0.8409506,1.6041733,4.656354,1.5672324,2.0713115,0.8409506,enfermo
KIAA0408,-1.256805,-2.3653555,-0.98427343,-1.8277491,-0.839238,-1.4219644,-0.9183176,-2.2869341,-1.4875797,0.839238,sano
PCF11,-1.1641641,-2.238208,-1.9739649,-0.83817637,-1.8196462,-1.4826261,-1.3097136,-1.7048682,-1.5664209,0.83817637,sano
AQP1,-0.9551217,-2.8674371,-2.073844,-1.5895923,-0.9864837,-1.0324775,-2.315972,-0.8338971,-1.5818532,0.8338971,sano
C11orf24,1.5666528,1.9245589,1.0839845,1.5788782,0.83118683,1.2148631,4.413307,1.9288585,1.8177863,0.83118683,enfermo
GRIA1,-2.441317,-2.415307,-2.0624657,-2.4967067,-0.83073324,-2.0022836,-2.2593658,-2.8273172,-2.166937,0.83073324,sano
NRIP3,2.004238,1.6123747,1.4211268,0.8262996,1.0480288,0.8635206,4.407559,0.8531625,1.6295388,0.8262996,enfermo
CRBN,-2.3104656,-3.528091,-2.0632606,-1.6529521,-0.8261683,-1.5838803,-3.9942102,-5.8087783,-2.7209756,0.8261683,sano
HIST1H2BH,2.2685208,2.0627139,2.329216,1.551239,1.11512,0.82368356,2.7578056,1.645774,1.8192592,0.82368356,enfermo
CLIC5,-1.7266487,-5.5253506,-3.560554,-2.793892,-0.8208114,-1.7407432,-4.752894,-2.9173017,-2.9797742,0.8208114,sano
KRT8,2.1732323,1.0393685,0.93843234,0.82046646,0.98060715,1.5209192,2.8902342,1.5055196,1.4835975,0.82046646,enfermo
PALM,-0.93430704,-1.6527927,-1.0247003,-0.81943077,-1.8244112,-1.0806476,-1.9406139,-1.1229451,-1.299981,0.81943077,sano
GORASP2,1.628356,2.035009,1.4898801,2.033662,0.8180768,2.1555083,5.600513,4.6812234,2.5552785,0.8180768,enfermo
PRKG1,-2.649081,-1.1896873,-1.9649211,-1.2005875,-0.94966066,-1.2642496,-2.0877934,-0.8139834,-1.5149955,0.8139834,sano
TRHDE,-3.207069,-2.3413017,-2.4622395,-1.977819,-0.8138195,-1.7804804,-4.6132183,-4.8040514,-2.7499995,0.8138195,sano
ZEB2,-2.4710398,-2.821473,-2.5912135,-1.6883508,-0.8134489,-1.9072595,-5.102961,-1.6063377,-2.3752606,0.8134489,sano
TENC1,-2.5270286,-3.4465766,-2.2987113,-1.3752881,-0.8127453,-1.8680459,-1.5964336,-1.3886733,-1.9141877,0.8127453,sano
LAMA4,-3.9080744,-0.8118158,-1.0560685,-1.2466102,-1.168164,-1.5791517,-2.35398,-3.6084955,-1.9665451,0.8118158,sano
GMPPA,1.5837247,1.8292572,1.3188914,1.2946635,1.528003,1.7400138,4.156957,0.81047654,1.7827485,0.81047654,enfermo
NR3C1,-2.813189,-1.8150245,-1.7955014,-0.8508374,-0.8090847,-1.2697412,-3.7592342,-1.496632,-1.8261554,0.8090847,sano
DPAGT1,1.4041064,1.5270685,1.0248506,1.711812,0.8076262,1.3631399,6.0668283,1.7218623,1.9534118,0.8076262,enfermo
SLC35A1,-0.9914746,-3.0000997,-2.2664137,-0.8070738,-1.0006906,-1.0061303,-4.776479,-2.0017364,-1.9812622,0.8070738,sano
GUCY1A2,-1.8431032,-1.8514766,-2.0403223,-1.6950258,-0.9425307,-1.8735892,-5.2639275,-0.8045632,-2.0393174,0.8045632,sano
KAL1,-1.6068292,-2.8304932,-2.4299695,-2.2353892,-0.8045604,-1.9946768,-4.3276305,-4.1589026,-2.5485566,0.8045604,sano
HOOK1,2.7944376,1.4201311,1.2685479,1.3951243,1.0248482,2.0069234,1.6292992,0.80297,1.5427853,0.80297,enfermo
SSR3,0.8216083,2.1134934,1.2636405,1.0569041,1.3200325,1.5341856,2.1251822,0.8024518,1.3796874,0.8024518,enfermo
SPR,1.85143,1.1951133,0.85207343,1.6031286,0.80094934,1.4860669,1.4237239,1.6292754,1.3552201,0.80094934,enfermo
